time_s,power_MW,power_pct,P_electric_MW,T_fuel_C,T_in_C,T_out_C,T_cool_avg_C,P_prim_MPa,P_sec_MPa,D_steam_kg_s,D_turb_kg_s,W_prim_kg_s,level_pzr_m,level_sg_m,reactivity_total_pcm,reactivity_doppler_pcm,reactivity_coolant_pcm,reactivity_rods_pcm
0.00,3200.00,100.00,1185.72,600.00,298.20,328.57,313.39,16.191,7.001,1774.96,1773.43,17600.0,5.700,2.400,0.00,0.00,0.00,0.00
0.05,3201.89,100.06,1185.83,600.00,298.20,328.55,313.37,16.182,7.001,1774.99,1773.60,17600.0,5.696,2.400,0.47,-0.00,0.47,0.00
0.10,3203.75,100.12,1185.93,600.01,298.20,328.53,313.36,16.174,7.002,1775.04,1773.75,17600.0,5.693,2.400,0.88,-0.01,0.89,0.00
0.15,3205.47,100.17,1186.03,600.02,298.20,328.50,313.35,16.167,7.003,1775.09,1773.89,17600.0,5.690,2.400,1.25,-0.03,1.28,0.00
0.20,3207.03,100.22,1186.12,600.03,298.20,328.49,313.34,16.161,7.003,1775.14,1774.02,17600.0,5.688,2.400,1.58,-0.05,1.64,0.00
0.25,3208.44,100.26,1186.20,600.05,298.20,328.47,313.34,16.155,7.004,1775.20,1774.15,17600.0,5.685,2.400,1.86,-0.09,1.95,0.00
0.30,3209.70,100.30,1186.28,600.07,298.21,328.45,313.33,16.150,7.004,1775.24,1774.26,17600.0,5.683,2.400,2.11,-0.13,2.24,0.00
0.35,3210.83,100.34,1186.35,600.09,298.21,328.44,313.32,16.146,7.004,1775.28,1774.37,17600.0,5.681,2.400,2.32,-0.17,2.50,0.00
0.40,3211.83,100.37,1186.41,600.11,298.21,328.42,313.32,16.142,7.005,1775.31,1774.47,17600.0,5.680,2.400,2.50,-0.22,2.72,0.00
0.45,3212.69,100.40,1186.48,600.13,298.21,328.41,313.31,16.139,7.005,1775.34,1774.56,17600.0,5.678,2.400,2.64,-0.28,2.92,0.00
0.50,3213.44,100.42,1186.53,600.15,298.22,328.40,313.31,16.136,7.006,1775.36,1774.64,17600.0,5.677,2.400,2.76,-0.34,3.09,0.00
0.55,3214.07,100.44,1186.58,600.18,298.22,328.39,313.30,16.133,7.006,1775.37,1774.72,17600.0,5.676,2.400,2.85,-0.39,3.24,0.00
0.60,3214.59,100.46,1186.63,600.20,298.22,328.38,313.30,16.131,7.006,1775.38,1774.79,17600.0,5.675,2.400,2.91,-0.46,3.37,0.00
0.65,3215.01,100.47,1186.67,600.22,298.22,328.37,313.30,16.130,7.006,1775.38,1774.85,17600.0,5.675,2.400,2.95,-0.52,3.47,0.00
0.70,3215.34,100.48,1186.71,600.25,298.23,328.37,313.30,16.129,7.007,1775.37,1774.91,17600.0,5.674,2.400,2.97,-0.58,3.55,0.00
0.75,3215.57,100.49,1186.74,600.27,298.23,328.36,313.30,16.128,7.007,1775.36,1774.95,17600.0,5.674,2.400,2.97,-0.64,3.62,0.00
0.80,3215.72,100.49,1186.77,600.30,298.23,328.35,313.29,16.127,7.007,1775.35,1775.00,17600.0,5.673,2.400,2.95,-0.71,3.66,0.00
0.85,3215.78,100.49,1186.79,600.32,298.24,328.35,313.29,16.127,7.007,1775.33,1775.03,17600.0,5.673,2.400,2.92,-0.77,3.69,0.00
0.90,3215.78,100.49,1186.81,600.34,298.24,328.35,313.29,16.127,7.007,1775.31,1775.06,17600.0,5.673,2.400,2.87,-0.83,3.70,0.00
0.95,3215.71,100.49,1186.83,600.36,298.25,328.34,313.29,16.128,7.007,1775.28,1775.08,17600.0,5.673,2.400,2.81,-0.89,3.70,0.00
1.00,3215.57,100.49,1186.84,600.39,298.25,328.34,313.30,16.129,7.007,1775.26,1775.10,17600.0,5.674,2.400,2.74,-0.95,3.69,0.00
1.05,3215.38,100.48,1186.85,600.41,298.25,328.34,313.30,16.129,7.007,1775.23,1775.12,17600.0,5.674,2.400,2.66,-1.00,3.66,0.00
1.10,3215.14,100.47,1186.85,600.43,298.26,328.34,313.30,16.131,7.007,1775.19,1775.12,17600.0,5.674,2.400,2.56,-1.06,3.62,0.00
1.15,3214.85,100.46,1186.86,600.45,298.26,328.34,313.30,16.132,7.007,1775.16,1775.13,17600.0,5.675,2.400,2.47,-1.11,3.57,0.00
1.20,3214.51,100.45,1186.85,600.46,298.26,328.34,313.30,16.133,7.007,1775.12,1775.13,17600.0,5.675,2.400,2.36,-1.16,3.52,0.00
1.25,3214.14,100.44,1186.85,600.48,298.27,328.34,313.30,16.135,7.007,1775.08,1775.12,17600.0,5.676,2.400,2.25,-1.20,3.45,0.00
1.30,3213.74,100.43,1186.85,600.49,298.27,328.34,313.31,16.137,7.007,1775.04,1775.11,17600.0,5.677,2.400,2.13,-1.25,3.38,0.00
1.35,3213.31,100.42,1186.84,600.51,298.28,328.34,313.31,16.139,7.007,1775.00,1775.10,17600.0,5.677,2.400,2.01,-1.29,3.30,0.00
1.40,3212.85,100.40,1186.83,600.52,298.28,328.34,313.31,16.141,7.007,1774.96,1775.09,17600.0,5.678,2.400,1.89,-1.32,3.21,0.00
1.45,3212.37,100.39,1186.82,600.53,298.28,328.34,313.31,16.143,7.007,1774.92,1775.07,17600.0,5.679,2.400,1.76,-1.36,3.12,0.00
1.50,3211.88,100.37,1186.80,600.54,298.29,328.34,313.32,16.145,7.007,1774.87,1775.05,17600.0,5.680,2.400,1.64,-1.39,3.02,0.00
1.55,3211.36,100.36,1186.79,600.55,298.29,328.35,313.32,16.147,7.007,1774.83,1775.03,17600.0,5.680,2.400,1.51,-1.41,2.92,0.00
1.60,3210.84,100.34,1186.77,600.56,298.30,328.35,313.32,16.149,7.007,1774.79,1775.00,17600.0,5.681,2.400,1.38,-1.44,2.82,0.00
1.65,3210.31,100.32,1186.75,600.57,298.30,328.35,313.33,16.152,7.007,1774.75,1774.97,17600.0,5.682,2.400,1.26,-1.46,2.72,0.00
1.70,3209.78,100.31,1186.73,600.57,298.30,328.35,313.33,16.154,7.007,1774.71,1774.95,17600.0,5.683,2.400,1.13,-1.48,2.61,0.00
1.75,3209.24,100.29,1186.71,600.58,298.31,328.36,313.33,16.156,7.007,1774.66,1774.92,17600.0,5.684,2.400,1.01,-1.49,2.50,0.00
1.80,3208.70,100.27,1186.69,600.58,298.31,328.36,313.33,16.159,7.006,1774.62,1774.88,17600.0,5.685,2.400,0.89,-1.50,2.39,0.00
1.85,3208.16,100.25,1186.67,600.58,298.31,328.36,313.34,16.161,7.006,1774.58,1774.85,17600.0,5.686,2.400,0.77,-1.51,2.28,0.00
1.90,3207.62,100.24,1186.65,600.58,298.32,328.37,313.34,16.163,7.006,1774.54,1774.82,17600.0,5.687,2.400,0.65,-1.52,2.17,0.00
1.95,3207.10,100.22,1186.63,600.58,298.32,328.37,313.34,16.166,7.006,1774.51,1774.79,17600.0,5.687,2.400,0.54,-1.52,2.06,0.00
2.00,3206.57,100.21,1186.61,600.58,298.32,328.37,313.35,16.168,7.006,1774.47,1774.75,17600.0,5.688,2.400,0.43,-1.52,1.95,0.00
2.05,3206.06,100.19,1186.58,600.58,298.33,328.38,313.35,16.170,7.006,1774.43,1774.72,17600.0,5.689,2.400,0.32,-1.52,1.84,0.00
2.10,3205.56,100.17,1186.56,600.58,298.33,328.38,313.35,16.173,7.006,1774.40,1774.69,17600.0,5.690,2.400,0.22,-1.51,1.73,0.00
2.15,3205.07,100.16,1186.54,600.58,298.33,328.38,313.36,16.175,7.006,1774.36,1774.65,17600.0,5.691,2.400,0.12,-1.51,1.63,0.00
2.20,3204.59,100.14,1186.51,600.57,298.33,328.39,313.36,16.177,7.005,1774.33,1774.62,17600.0,5.692,2.400,0.03,-1.50,1.52,0.00
2.25,3204.12,100.13,1186.49,600.57,298.34,328.39,313.36,16.179,7.005,1774.30,1774.58,17600.0,5.693,2.400,-0.06,-1.48,1.42,0.00
2.30,3203.67,100.11,1186.47,600.56,298.34,328.39,313.37,16.181,7.005,1774.27,1774.55,17600.0,5.693,2.400,-0.15,-1.47,1.32,0.00
2.35,3203.24,100.10,1186.45,600.55,298.34,328.39,313.37,16.184,7.005,1774.24,1774.52,17600.0,5.694,2.400,-0.23,-1.45,1.22,0.00
2.40,3202.81,100.09,1186.43,600.55,298.34,328.40,313.37,16.186,7.005,1774.22,1774.49,17600.0,5.695,2.400,-0.31,-1.44,1.13,0.00
2.45,3202.41,100.08,1186.41,600.54,298.35,328.40,313.37,16.187,7.005,1774.19,1774.46,17600.0,5.696,2.400,-0.38,-1.42,1.04,0.00
2.50,3202.02,100.06,1186.39,600.53,298.35,328.40,313.38,16.189,7.005,1774.16,1774.42,17600.0,5.696,2.400,-0.45,-1.40,0.95,0.00
2.55,3201.65,100.05,1186.37,600.52,298.35,328.41,313.38,16.191,7.005,1774.14,1774.39,17600.0,5.697,2.400,-0.51,-1.38,0.86,0.00
2.60,3201.30,100.04,1186.35,600.51,298.35,328.41,313.38,16.193,7.004,1774.12,1774.37,17600.0,5.698,2.400,-0.57,-1.35,0.78,0.00
2.65,3200.96,100.03,1186.33,600.50,298.35,328.41,313.38,16.195,7.004,1774.10,1774.34,17600.0,5.698,2.400,-0.63,-1.33,0.70,0.00
2.70,3200.64,100.02,1186.31,600.49,298.35,328.41,313.38,16.196,7.004,1774.08,1774.31,17600.0,5.699,2.400,-0.68,-1.30,0.62,0.00
2.75,3200.34,100.01,1186.29,600.48,298.36,328.42,313.39,16.198,7.004,1774.06,1774.28,17600.0,5.699,2.400,-0.72,-1.27,0.55,0.00
2.80,3200.05,100.00,1186.27,600.47,298.36,328.42,313.39,16.199,7.004,1774.05,1774.26,17600.0,5.700,2.400,-0.77,-1.25,0.48,0.00
2.85,3199.78,99.99,1186.26,600.46,298.36,328.42,313.39,16.201,7.004,1774.03,1774.24,17600.0,5.701,2.400,-0.80,-1.22,0.41,0.00
2.90,3199.53,99.99,1186.24,600.45,298.36,328.42,313.39,16.202,7.004,1774.02,1774.21,17600.0,5.701,2.400,-0.84,-1.19,0.35,0.00
2.95,3199.29,99.98,1186.23,600.43,298.36,328.42,313.39,16.203,7.004,1774.00,1774.19,17600.0,5.702,2.400,-0.87,-1.16,0.29,0.00
3.00,3199.07,99.97,1186.21,600.42,298.36,328.43,313.39,16.205,7.004,1773.99,1774.17,17600.0,5.702,2.400,-0.90,-1.13,0.23,0.00
3.05,3198.87,99.96,1186.20,600.41,298.36,328.43,313.40,16.206,7.004,1773.98,1774.15,17600.0,5.702,2.400,-0.92,-1.10,0.18,0.00
3.10,3198.68,99.96,1186.19,600.40,298.37,328.43,313.40,16.207,7.003,1773.97,1774.13,17600.0,5.703,2.400,-0.94,-1.07,0.12,0.00
3.15,3198.51,99.95,1186.18,600.39,298.37,328.43,313.40,16.208,7.003,1773.96,1774.11,17600.0,5.703,2.400,-0.96,-1.04,0.07,0.00
3.20,3198.35,99.95,1186.17,600.37,298.37,328.43,313.40,16.209,7.003,1773.95,1774.10,17600.0,5.704,2.400,-0.98,-1.00,0.03,0.00
3.25,3198.20,99.94,1186.16,600.36,298.37,328.43,313.40,16.210,7.003,1773.95,1774.08,17600.0,5.704,2.400,-0.99,-0.97,-0.01,0.00
3.30,3198.07,99.94,1186.15,600.35,298.37,328.44,313.40,16.211,7.003,1773.94,1774.07,17600.0,5.704,2.400,-1.00,-0.94,-0.05,0.00
3.35,3197.95,99.94,1186.14,600.34,298.37,328.44,313.40,16.212,7.003,1773.94,1774.05,17600.0,5.705,2.400,-1.00,-0.91,-0.09,0.00
3.40,3197.85,99.93,1186.13,600.33,298.37,328.44,313.40,16.213,7.003,1773.93,1774.04,17600.0,5.705,2.400,-1.01,-0.88,-0.13,0.00
3.45,3197.75,99.93,1186.12,600.31,298.37,328.44,313.41,16.213,7.003,1773.93,1774.03,17600.0,5.705,2.400,-1.01,-0.85,-0.16,0.00
3.50,3197.67,99.93,1186.11,600.30,298.37,328.44,313.41,16.214,7.003,1773.93,1774.02,17600.0,5.705,2.400,-1.01,-0.82,-0.19,0.00
3.55,3197.60,99.92,1186.11,600.29,298.37,328.44,313.41,16.215,7.003,1773.92,1774.01,17600.0,5.706,2.400,-1.00,-0.79,-0.22,0.00
3.60,3197.54,99.92,1186.10,600.28,298.37,328.44,313.41,16.215,7.003,1773.92,1774.00,17600.0,5.706,2.400,-1.00,-0.76,-0.24,0.00
3.65,3197.48,99.92,1186.10,600.27,298.37,328.44,313.41,16.216,7.003,1773.92,1773.99,17600.0,5.706,2.400,-0.99,-0.73,-0.27,0.00
3.70,3197.44,99.92,1186.09,600.26,298.37,328.44,313.41,16.216,7.003,1773.92,1773.98,17600.0,5.706,2.400,-0.99,-0.70,-0.29,0.00
3.75,3197.41,99.92,1186.09,600.25,298.38,328.44,313.41,16.217,7.003,1773.92,1773.98,17600.0,5.706,2.400,-0.98,-0.67,-0.31,0.00
3.80,3197.38,99.92,1186.08,600.24,298.38,328.44,313.41,16.217,7.003,1773.92,1773.97,17600.0,5.706,2.400,-0.97,-0.64,-0.33,0.00
3.85,3197.36,99.92,1186.08,600.23,298.38,328.44,313.41,16.218,7.003,1773.92,1773.97,17600.0,5.706,2.400,-0.96,-0.61,-0.34,0.00
3.90,3197.35,99.92,1186.08,600.22,298.38,328.44,313.41,16.218,7.003,1773.93,1773.96,17600.0,5.707,2.400,-0.94,-0.59,-0.36,0.00
3.95,3197.35,99.92,1186.07,600.21,298.38,328.44,313.41,16.219,7.003,1773.93,1773.96,17600.0,5.707,2.400,-0.93,-0.56,-0.37,0.00
4.00,3197.35,99.92,1186.07,600.20,298.38,328.44,313.41,16.219,7.003,1773.93,1773.96,17600.0,5.707,2.400,-0.91,-0.53,-0.38,0.00
4.05,3197.36,99.92,1186.07,600.19,298.38,328.44,313.41,16.219,7.003,1773.93,1773.95,17600.0,5.707,2.400,-0.90,-0.51,-0.39,0.00
4.10,3197.37,99.92,1186.07,600.18,298.38,328.45,313.41,16.219,7.003,1773.94,1773.95,17600.0,5.707,2.400,-0.88,-0.49,-0.40,0.00
4.15,3197.39,99.92,1186.07,600.17,298.38,328.45,313.41,16.220,7.003,1773.94,1773.95,17600.0,5.707,2.400,-0.87,-0.46,-0.41,0.00
4.20,3197.41,99.92,1186.07,600.16,298.38,328.45,313.41,16.220,7.003,1773.94,1773.95,17600.0,5.707,2.400,-0.85,-0.44,-0.41,0.00
4.25,3197.43,99.92,1186.07,600.15,298.38,328.45,313.41,16.220,7.003,1773.94,1773.95,17600.0,5.707,2.400,-0.83,-0.42,-0.42,0.00
4.30,3197.46,99.92,1186.07,600.14,298.38,328.45,313.41,16.220,7.003,1773.95,1773.95,17600.0,5.707,2.400,-0.82,-0.39,-0.42,0.00
4.35,3197.49,99.92,1186.07,600.14,298.38,328.44,313.41,16.221,7.003,1773.95,1773.95,17600.0,5.707,2.400,-0.80,-0.37,-0.43,0.00
4.40,3197.53,99.92,1186.07,600.13,298.38,328.44,313.41,16.221,7.003,1773.96,1773.95,17600.0,5.707,2.400,-0.78,-0.35,-0.43,0.00
4.45,3197.56,99.92,1186.07,600.12,298.38,328.44,313.41,16.221,7.003,1773.96,1773.95,17600.0,5.707,2.400,-0.76,-0.33,-0.43,0.00
4.50,3197.60,99.93,1186.07,600.11,298.38,328.44,313.41,16.221,7.003,1773.96,1773.95,17600.0,5.707,2.400,-0.74,-0.31,-0.43,0.00
4.55,3197.64,99.93,1186.07,600.11,298.38,328.44,313.41,16.221,7.003,1773.97,1773.95,17600.0,5.707,2.400,-0.73,-0.29,-0.43,0.00
4.60,3197.68,99.93,1186.07,600.10,298.38,328.44,313.41,16.221,7.003,1773.97,1773.96,17600.0,5.707,2.400,-0.71,-0.28,-0.43,0.00
4.65,3197.73,99.93,1186.07,600.09,298.38,328.44,313.41,16.221,7.003,1773.98,1773.96,17600.0,5.707,2.400,-0.69,-0.26,-0.43,0.00
4.70,3197.77,99.93,1186.07,600.09,298.38,328.44,313.41,16.222,7.003,1773.98,1773.96,17600.0,5.707,2.400,-0.67,-0.24,-0.43,0.00
4.75,3197.81,99.93,1186.08,600.08,298.38,328.44,313.41,16.222,7.003,1773.98,1773.96,17600.0,5.707,2.400,-0.66,-0.22,-0.43,0.00
4.80,3197.85,99.93,1186.08,600.07,298.38,328.44,313.41,16.222,7.003,1773.99,1773.96,17600.0,5.707,2.400,-0.64,-0.21,-0.43,0.00
4.85,3197.90,99.93,1186.08,600.07,298.38,328.44,313.41,16.222,7.003,1773.99,1773.97,17600.0,5.707,2.400,-0.62,-0.19,-0.43,0.00
4.90,3197.94,99.94,1186.08,600.06,298.38,328.44,313.41,16.222,7.003,1773.99,1773.97,17600.0,5.707,2.400,-0.61,-0.18,-0.43,0.00
4.95,3197.98,99.94,1186.08,600.06,298.38,328.44,313.41,16.222,7.003,1774.00,1773.97,17600.0,5.707,2.400,-0.59,-0.17,-0.42,0.00
5.00,3198.03,99.94,1186.09,600.05,298.38,328.44,313.41,16.222,7.003,1774.00,1773.98,17600.0,5.707,2.400,-0.58,-0.15,-0.42,0.00
5.05,3198.07,99.94,1186.09,600.05,298.38,328.44,313.41,16.222,7.003,1774.01,1773.98,17600.0,5.707,2.400,-0.56,-0.14,-0.42,0.00
5.10,3198.11,99.94,1186.09,600.04,298.38,328.44,313.41,16.222,7.003,1774.01,1773.98,17600.0,5.707,2.400,-0.55,-0.13,-0.42,0.00
5.15,3198.15,99.94,1186.09,600.04,298.38,328.44,313.41,16.222,7.003,1774.01,1773.99,17600.0,5.707,2.400,-0.53,-0.12,-0.42,0.00
5.20,3198.19,99.94,1186.09,600.04,298.38,328.44,313.41,16.223,7.003,1774.02,1773.99,17600.0,5.707,2.400,-0.52,-0.10,-0.41,0.00
5.25,3198.22,99.94,1186.10,600.03,298.38,328.44,313.41,16.223,7.003,1774.02,1773.99,17600.0,5.707,2.400,-0.51,-0.09,-0.41,0.00
5.30,3198.26,99.95,1186.10,600.03,298.38,328.44,313.41,16.223,7.003,1774.02,1774.00,17600.0,5.707,2.400,-0.49,-0.08,-0.41,0.00
5.35,3198.30,99.95,1186.10,600.02,298.38,328.44,313.41,16.223,7.003,1774.02,1774.00,17600.0,5.707,2.400,-0.48,-0.07,-0.41,0.00
5.40,3198.33,99.95,1186.10,600.02,298.38,328.44,313.41,16.223,7.003,1774.03,1774.00,17600.0,5.707,2.400,-0.47,-0.06,-0.41,0.00
5.45,3198.36,99.95,1186.10,600.02,298.38,328.44,313.41,16.223,7.003,1774.03,1774.00,17600.0,5.707,2.400,-0.46,-0.06,-0.40,0.00
5.50,3198.39,99.95,1186.11,600.01,298.38,328.44,313.41,16.223,7.003,1774.03,1774.01,17600.0,5.707,2.400,-0.45,-0.05,-0.40,0.00
5.55,3198.42,99.95,1186.11,600.01,298.38,328.44,313.41,16.223,7.003,1774.03,1774.01,17600.0,5.707,2.400,-0.44,-0.04,-0.40,0.00
5.60,3198.45,99.95,1186.11,600.01,298.38,328.44,313.41,16.223,7.003,1774.04,1774.01,17600.0,5.707,2.400,-0.43,-0.03,-0.40,0.00
5.65,3198.47,99.95,1186.11,600.01,298.38,328.44,313.41,16.223,7.003,1774.04,1774.02,17600.0,5.707,2.400,-0.42,-0.02,-0.40,0.00
5.70,3198.50,99.95,1186.11,600.00,298.38,328.44,313.41,16.224,7.003,1774.04,1774.02,17600.0,5.707,2.400,-0.41,-0.01,-0.40,0.00
5.75,3198.52,99.95,1186.12,600.00,298.38,328.44,313.41,16.224,7.003,1774.04,1774.02,17600.0,5.707,2.400,-0.40,-0.01,-0.40,0.00
5.80,3198.54,99.95,1186.12,600.00,298.38,328.44,313.41,16.224,7.003,1774.04,1774.02,17600.0,5.707,2.400,-0.40,-0.00,-0.40,0.00
5.85,3198.56,99.95,1186.12,600.00,298.38,328.44,313.41,16.224,7.003,1774.05,1774.03,17600.0,5.707,2.400,-0.39,0.01,-0.39,0.00
5.90,3198.58,99.96,1186.12,599.99,298.39,328.44,313.41,16.224,7.003,1774.05,1774.03,17600.0,5.707,2.400,-0.38,0.01,-0.39,0.00
5.95,3198.59,99.96,1186.12,599.99,298.39,328.44,313.41,16.224,7.003,1774.05,1774.03,17600.0,5.707,2.400,-0.38,0.02,-0.39,0.00
6.00,3198.61,99.96,1186.12,599.99,298.39,328.44,313.41,16.224,7.003,1774.05,1774.03,17600.0,5.707,2.400,-0.37,0.02,-0.39,0.00
6.05,3198.62,99.96,1186.12,599.99,298.39,328.44,313.41,16.224,7.003,1774.05,1774.03,17600.0,5.707,2.400,-0.36,0.03,-0.39,0.00
6.10,3198.63,99.96,1186.13,599.98,298.39,328.44,313.41,16.225,7.003,1774.05,1774.04,17600.0,5.707,2.400,-0.36,0.04,-0.39,0.00
6.15,3198.64,99.96,1186.13,599.98,298.39,328.44,313.41,16.225,7.003,1774.05,1774.04,17600.0,5.707,2.400,-0.35,0.04,-0.39,0.00
6.20,3198.65,99.96,1186.13,599.98,298.39,328.44,313.41,16.225,7.003,1774.06,1774.04,17600.0,5.707,2.400,-0.35,0.05,-0.40,0.00
6.25,3198.66,99.96,1186.13,599.98,298.39,328.44,313.41,16.225,7.003,1774.06,1774.04,17600.0,5.707,2.400,-0.35,0.05,-0.40,0.00
6.30,3198.66,99.96,1186.13,599.98,298.39,328.44,313.41,16.225,7.003,1774.06,1774.04,17600.0,5.707,2.400,-0.34,0.06,-0.40,0.00
6.35,3198.67,99.96,1186.13,599.98,298.39,328.44,313.41,16.225,7.003,1774.06,1774.05,17600.0,5.707,2.400,-0.34,0.06,-0.40,0.00
6.40,3198.67,99.96,1186.13,599.97,298.39,328.44,313.41,16.226,7.003,1774.06,1774.05,17600.0,5.707,2.400,-0.34,0.06,-0.40,0.00
6.45,3198.68,99.96,1186.13,599.97,298.39,328.44,313.41,16.226,7.003,1774.06,1774.05,17600.0,5.707,2.400,-0.33,0.07,-0.40,0.00
6.50,3198.68,99.96,1186.13,599.97,298.39,328.44,313.41,16.226,7.003,1774.06,1774.05,17600.0,5.707,2.400,-0.33,0.07,-0.40,0.00
6.55,3198.68,99.96,1186.14,599.97,298.39,328.44,313.41,16.226,7.003,1774.06,1774.05,17600.0,5.707,2.400,-0.33,0.08,-0.40,0.00
6.60,3198.68,99.96,1186.14,599.97,298.39,328.44,313.41,16.226,7.003,1774.06,1774.05,17600.0,5.707,2.400,-0.32,0.08,-0.41,0.00
6.65,3198.68,99.96,1186.14,599.97,298.39,328.44,313.41,16.226,7.003,1774.06,1774.05,17600.0,5.707,2.400,-0.32,0.08,-0.41,0.00
6.70,3198.67,99.96,1186.14,599.96,298.39,328.44,313.41,16.227,7.003,1774.06,1774.05,17600.0,5.707,2.400,-0.32,0.09,-0.41,0.00
6.75,3198.67,99.96,1186.14,599.96,298.39,328.44,313.41,16.227,7.003,1774.06,1774.05,17600.0,5.707,2.400,-0.32,0.09,-0.41,0.00
6.80,3198.67,99.96,1186.14,599.96,298.39,328.44,313.41,16.227,7.003,1774.06,1774.05,17600.0,5.707,2.400,-0.32,0.10,-0.41,0.00
6.85,3198.66,99.96,1186.14,599.96,298.39,328.44,313.41,16.227,7.003,1774.06,1774.06,17600.0,5.708,2.400,-0.32,0.10,-0.42,0.00
6.90,3198.66,99.96,1186.14,599.96,298.39,328.44,313.41,16.227,7.003,1774.06,1774.06,17600.0,5.708,2.400,-0.32,0.10,-0.42,0.00
6.95,3198.65,99.96,1186.14,599.96,298.39,328.44,313.41,16.228,7.003,1774.06,1774.06,17600.0,5.708,2.400,-0.31,0.11,-0.42,0.00
7.00,3198.64,99.96,1186.14,599.96,298.39,328.44,313.41,16.228,7.003,1774.06,1774.06,17600.0,5.708,2.400,-0.31,0.11,-0.42,0.00
7.05,3198.64,99.96,1186.14,599.95,298.39,328.44,313.41,16.228,7.003,1774.06,1774.06,17600.0,5.708,2.400,-0.31,0.11,-0.43,0.00
7.10,3198.63,99.96,1186.14,599.95,298.39,328.44,313.41,16.228,7.003,1774.06,1774.06,17600.0,5.708,2.400,-0.31,0.12,-0.43,0.00
7.15,3198.62,99.96,1186.14,599.95,298.39,328.44,313.41,16.228,7.003,1774.06,1774.06,17600.0,5.708,2.400,-0.31,0.12,-0.43,0.00
7.20,3198.61,99.96,1186.14,599.95,298.39,328.44,313.41,16.228,7.003,1774.06,1774.06,17600.0,5.708,2.400,-0.31,0.12,-0.43,0.00
7.25,3198.60,99.96,1186.14,599.95,298.39,328.44,313.41,16.229,7.003,1774.06,1774.06,17600.0,5.708,2.400,-0.31,0.13,-0.44,0.00
7.30,3198.59,99.96,1186.14,599.95,298.39,328.44,313.41,16.229,7.003,1774.06,1774.06,17600.0,5.708,2.400,-0.31,0.13,-0.44,0.00
7.35,3198.58,99.96,1186.14,599.95,298.39,328.44,313.41,16.229,7.003,1774.06,1774.06,17600.0,5.708,2.400,-0.31,0.13,-0.44,0.00
7.40,3198.57,99.96,1186.14,599.95,298.39,328.44,313.41,16.229,7.003,1774.06,1774.06,17600.0,5.708,2.400,-0.31,0.14,-0.45,0.00
7.45,3198.57,99.96,1186.14,599.95,298.39,328.44,313.41,16.229,7.003,1774.06,1774.06,17600.0,5.708,2.400,-0.31,0.14,-0.45,0.00
7.50,3198.56,99.95,1186.14,599.94,298.39,328.44,313.41,16.230,7.003,1774.06,1774.06,17600.0,5.708,2.400,-0.31,0.14,-0.45,0.00
7.55,3198.55,99.95,1186.14,599.94,298.39,328.44,313.41,16.230,7.003,1774.06,1774.06,17600.0,5.708,2.400,-0.31,0.15,-0.45,0.00
7.60,3198.53,99.95,1186.14,599.94,298.39,328.44,313.41,16.230,7.003,1774.06,1774.06,17600.0,5.708,2.400,-0.31,0.15,-0.46,0.00
7.65,3198.52,99.95,1186.14,599.94,298.39,328.44,313.41,16.230,7.003,1774.06,1774.06,17600.0,5.708,2.400,-0.31,0.15,-0.46,0.00
7.70,3198.51,99.95,1186.14,599.94,298.39,328.44,313.41,16.230,7.003,1774.06,1774.06,17600.0,5.708,2.400,-0.31,0.15,-0.46,0.00
7.75,3198.50,99.95,1186.14,599.94,298.39,328.44,313.41,16.231,7.003,1774.06,1774.06,17600.0,5.708,2.400,-0.31,0.16,-0.46,0.00
7.80,3198.49,99.95,1186.14,599.94,298.39,328.44,313.41,16.231,7.003,1774.06,1774.06,17600.0,5.708,2.400,-0.31,0.16,-0.47,0.00
7.85,3198.48,99.95,1186.14,599.94,298.39,328.44,313.41,16.231,7.003,1774.06,1774.06,17600.0,5.708,2.400,-0.31,0.16,-0.47,0.00
7.90,3198.47,99.95,1186.14,599.93,298.39,328.44,313.41,16.231,7.003,1774.06,1774.06,17600.0,5.708,2.400,-0.31,0.17,-0.47,0.00
7.95,3198.46,99.95,1186.14,599.93,298.39,328.44,313.41,16.231,7.003,1774.06,1774.06,17600.0,5.708,2.400,-0.31,0.17,-0.48,0.00
8.00,3198.45,99.95,1186.14,599.93,298.39,328.44,313.41,16.231,7.003,1774.06,1774.06,17600.0,5.708,2.400,-0.31,0.17,-0.48,0.00
8.05,3198.44,99.95,1186.14,599.93,298.39,328.44,313.41,16.232,7.003,1774.06,1774.06,17600.0,5.708,2.400,-0.30,0.18,-0.48,0.00
8.10,3198.43,99.95,1186.14,599.93,298.39,328.44,313.41,16.232,7.003,1774.06,1774.06,17600.0,5.708,2.400,-0.30,0.18,-0.48,0.00
8.15,3198.42,99.95,1186.14,599.93,298.39,328.44,313.41,16.232,7.003,1774.06,1774.06,17600.0,5.708,2.400,-0.30,0.18,-0.49,0.00
8.20,3198.41,99.95,1186.14,599.93,298.39,328.44,313.41,16.232,7.003,1774.06,1774.06,17600.0,5.708,2.400,-0.30,0.18,-0.49,0.00
8.25,3198.40,99.95,1186.14,599.93,298.39,328.44,313.41,16.232,7.003,1774.06,1774.06,17600.0,5.708,2.400,-0.30,0.19,-0.49,0.00
8.30,3198.40,99.95,1186.14,599.93,298.39,328.44,313.41,16.233,7.003,1774.06,1774.06,17600.0,5.708,2.400,-0.30,0.19,-0.49,0.00
8.35,3198.39,99.95,1186.14,599.92,298.39,328.44,313.41,16.233,7.003,1774.06,1774.06,17600.0,5.708,2.400,-0.30,0.19,-0.49,0.00
8.40,3198.38,99.95,1186.14,599.92,298.39,328.44,313.41,16.233,7.003,1774.06,1774.06,17600.0,5.708,2.400,-0.30,0.20,-0.50,0.00
8.45,3198.37,99.95,1186.14,599.92,298.39,328.44,313.41,16.233,7.003,1774.06,1774.06,17600.0,5.708,2.400,-0.30,0.20,-0.50,0.00
8.50,3198.36,99.95,1186.14,599.92,298.39,328.44,313.41,16.233,7.003,1774.06,1774.06,17600.0,5.708,2.400,-0.30,0.20,-0.50,0.00
8.55,3198.35,99.95,1186.14,599.92,298.39,328.44,313.41,16.233,7.003,1774.06,1774.06,17600.0,5.708,2.400,-0.30,0.20,-0.50,0.00
8.60,3198.34,99.95,1186.14,599.92,298.39,328.44,313.41,16.234,7.003,1774.06,1774.06,17600.0,5.709,2.400,-0.30,0.21,-0.51,0.00
8.65,3198.34,99.95,1186.14,599.92,298.39,328.44,313.41,16.234,7.003,1774.05,1774.06,17600.0,5.709,2.400,-0.30,0.21,-0.51,0.00
8.70,3198.33,99.95,1186.14,599.92,298.39,328.44,313.41,16.234,7.003,1774.05,1774.06,17600.0,5.709,2.400,-0.30,0.21,-0.51,0.00
8.75,3198.32,99.95,1186.14,599.92,298.39,328.44,313.41,16.234,7.003,1774.05,1774.06,17600.0,5.709,2.400,-0.30,0.21,-0.51,0.00
8.80,3198.31,99.95,1186.14,599.92,298.39,328.44,313.41,16.234,7.003,1774.05,1774.06,17600.0,5.709,2.400,-0.30,0.22,-0.51,0.00
8.85,3198.31,99.95,1186.14,599.91,298.39,328.44,313.41,16.235,7.003,1774.05,1774.06,17600.0,5.709,2.400,-0.30,0.22,-0.51,0.00
8.90,3198.30,99.95,1186.14,599.91,298.39,328.44,313.41,16.235,7.003,1774.05,1774.06,17600.0,5.709,2.400,-0.29,0.22,-0.52,0.00
8.95,3198.29,99.95,1186.14,599.91,298.39,328.44,313.41,16.235,7.003,1774.05,1774.06,17600.0,5.709,2.400,-0.29,0.22,-0.52,0.00
9.00,3198.29,99.95,1186.14,599.91,298.39,328.44,313.41,16.235,7.003,1774.05,1774.06,17600.0,5.709,2.400,-0.29,0.23,-0.52,0.00
9.05,3198.28,99.95,1186.14,599.91,298.39,328.44,313.41,16.235,7.003,1774.05,1774.06,17600.0,5.709,2.400,-0.29,0.23,-0.52,0.00
9.10,3198.27,99.95,1186.14,599.91,298.39,328.44,313.41,16.235,7.003,1774.05,1774.06,17600.0,5.709,2.400,-0.29,0.23,-0.52,0.00
9.15,3198.27,99.95,1186.14,599.91,298.39,328.44,313.41,16.236,7.003,1774.05,1774.05,17600.0,5.709,2.400,-0.29,0.23,-0.52,0.00
9.20,3198.26,99.95,1186.14,599.91,298.39,328.44,313.42,16.236,7.003,1774.05,1774.05,17600.0,5.709,2.400,-0.29,0.24,-0.52,0.00
9.25,3198.26,99.95,1186.14,599.91,298.39,328.44,313.42,16.236,7.003,1774.05,1774.05,17600.0,5.709,2.400,-0.29,0.24,-0.53,0.00
9.30,3198.25,99.95,1186.14,599.91,298.39,328.44,313.42,16.236,7.003,1774.05,1774.05,17600.0,5.709,2.400,-0.29,0.24,-0.53,0.00
9.35,3198.25,99.95,1186.14,599.91,298.39,328.44,313.42,16.236,7.003,1774.05,1774.05,17600.0,5.709,2.400,-0.29,0.24,-0.53,0.00
9.40,3198.24,99.95,1186.14,599.90,298.39,328.44,313.42,16.236,7.003,1774.05,1774.05,17600.0,5.709,2.400,-0.28,0.25,-0.53,0.00
9.45,3198.24,99.94,1186.14,599.90,298.39,328.44,313.42,16.236,7.003,1774.05,1774.05,17600.0,5.709,2.400,-0.28,0.25,-0.53,0.00
9.50,3198.23,99.94,1186.14,599.90,298.39,328.44,313.42,16.237,7.003,1774.05,1774.05,17600.0,5.709,2.400,-0.28,0.25,-0.53,0.00
9.55,3198.23,99.94,1186.14,599.90,298.39,328.44,313.42,16.237,7.003,1774.05,1774.05,17600.0,5.709,2.400,-0.28,0.25,-0.53,0.00
9.60,3198.22,99.94,1186.14,599.90,298.39,328.44,313.42,16.237,7.003,1774.05,1774.05,17600.0,5.709,2.400,-0.28,0.25,-0.53,0.00
9.65,3198.22,99.94,1186.14,599.90,298.39,328.44,313.42,16.237,7.003,1774.05,1774.05,17600.0,5.709,2.400,-0.28,0.26,-0.54,0.00
9.70,3198.22,99.94,1186.14,599.90,298.39,328.44,313.42,16.237,7.003,1774.05,1774.05,17600.0,5.709,2.400,-0.28,0.26,-0.54,0.00
9.75,3198.21,99.94,1186.14,599.90,298.39,328.44,313.42,16.237,7.003,1774.05,1774.05,17600.0,5.709,2.400,-0.28,0.26,-0.54,0.00
9.80,3198.21,99.94,1186.14,599.90,298.39,328.44,313.42,16.238,7.003,1774.05,1774.05,17600.0,5.709,2.400,-0.27,0.26,-0.54,0.00
9.85,3198.20,99.94,1186.14,599.90,298.39,328.44,313.42,16.238,7.003,1774.05,1774.05,17600.0,5.709,2.400,-0.27,0.27,-0.54,0.00
9.90,3198.20,99.94,1186.14,599.90,298.39,328.44,313.42,16.238,7.003,1774.05,1774.05,17600.0,5.709,2.400,-0.27,0.27,-0.54,0.00
9.95,3198.20,99.94,1186.14,599.90,298.40,328.44,313.42,16.238,7.003,1774.05,1774.05,17600.0,5.709,2.400,-0.27,0.27,-0.54,0.00
10.00,3204.54,100.14,1186.14,599.91,298.40,328.44,313.42,16.238,7.003,1774.05,1774.05,17600.0,5.709,2.400,1.30,0.27,-0.54,1.57
10.05,3211.32,100.35,1186.14,599.93,298.40,328.44,313.42,16.238,7.003,1774.05,1774.05,17600.0,5.709,2.400,2.82,0.24,-0.54,3.13
10.10,3218.12,100.57,1186.14,599.97,298.40,328.44,313.42,16.239,7.003,1774.05,1774.05,17600.0,5.709,2.400,4.30,0.17,-0.55,4.68
10.15,3224.90,100.78,1186.14,600.03,298.40,328.44,313.42,16.239,7.003,1774.05,1774.05,17600.0,5.709,2.400,5.74,0.07,-0.56,6.23
10.20,3231.64,100.99,1186.14,600.09,298.40,328.44,313.42,16.240,7.003,1774.05,1774.05,17600.0,5.709,2.400,7.13,-0.07,-0.57,7.76
10.25,3238.32,101.20,1186.14,600.17,298.40,328.44,313.42,16.240,7.003,1774.05,1774.05,17600.0,5.710,2.400,8.47,-0.24,-0.59,9.30
10.30,3244.93,101.40,1186.14,600.26,298.40,328.44,313.42,16.241,7.003,1774.05,1774.05,17600.0,5.710,2.400,9.76,-0.44,-0.62,10.82
10.35,3251.47,101.61,1186.14,600.36,298.40,328.45,313.42,16.243,7.003,1774.05,1774.05,17600.0,5.710,2.400,11.00,-0.67,-0.66,12.34
10.40,3257.91,101.81,1186.14,600.47,298.40,328.45,313.42,16.244,7.003,1774.05,1774.05,17600.0,5.711,2.400,12.20,-0.93,-0.71,13.85
10.45,3264.26,102.01,1186.14,600.59,298.40,328.45,313.42,16.246,7.003,1774.06,1774.05,17600.0,5.711,2.400,13.35,-1.22,-0.77,15.35
10.50,3270.51,102.20,1186.14,600.72,298.40,328.46,313.43,16.247,7.003,1774.06,1774.05,17600.0,5.712,2.400,14.45,-1.54,-0.85,16.84
10.55,3276.64,102.40,1186.14,600.87,298.40,328.46,313.43,16.250,7.003,1774.06,1774.06,17600.0,5.713,2.400,15.51,-1.88,-0.93,18.33
10.60,3282.66,102.58,1186.14,601.02,298.40,328.47,313.43,16.252,7.003,1774.07,1774.06,17600.0,5.714,2.400,16.53,-2.25,-1.03,19.81
10.65,3288.56,102.77,1186.14,601.18,298.40,328.48,313.44,16.255,7.003,1774.07,1774.06,17600.0,5.715,2.400,17.50,-2.65,-1.14,21.28
10.70,3294.34,102.95,1186.14,601.35,298.40,328.48,313.44,16.257,7.003,1774.08,1774.06,17600.0,5.716,2.400,18.42,-3.06,-1.26,22.75
10.75,3300.00,103.12,1186.14,601.52,298.40,328.49,313.44,16.261,7.003,1774.08,1774.06,17600.0,5.717,2.400,19.31,-3.50,-1.40,24.21
10.80,3305.53,103.30,1186.15,601.71,298.40,328.50,313.45,16.264,7.003,1774.09,1774.07,17600.0,5.718,2.400,20.15,-3.96,-1.55,25.66
10.85,3310.93,103.47,1186.15,601.90,298.40,328.51,313.45,16.268,7.003,1774.11,1774.07,17600.0,5.720,2.400,20.95,-4.44,-1.71,27.10
10.90,3316.21,103.63,1186.15,602.09,298.40,328.52,313.46,16.272,7.003,1774.12,1774.08,17600.0,5.721,2.400,21.72,-4.93,-1.88,28.54
10.95,3321.36,103.79,1186.16,602.30,298.40,328.53,313.46,16.276,7.003,1774.14,1774.08,17600.0,5.723,2.400,22.45,-5.44,-2.07,29.96
11.00,3326.39,103.95,1186.16,602.51,298.39,328.55,313.47,16.280,7.003,1774.15,1774.09,17600.0,5.725,2.400,23.14,-5.97,-2.27,31.39
11.05,3331.29,104.10,1186.17,602.72,298.39,328.56,313.48,16.285,7.003,1774.18,1774.10,17600.0,5.726,2.400,23.80,-6.52,-2.48,32.80
11.10,3336.07,104.25,1186.17,602.94,298.39,328.57,313.48,16.290,7.003,1774.20,1774.11,17600.0,5.728,2.400,24.42,-7.08,-2.71,34.21
11.15,3340.73,104.40,1186.18,603.17,298.39,328.59,313.49,16.295,7.003,1774.23,1774.12,17600.0,5.730,2.400,25.01,-7.65,-2.94,35.60
11.20,3345.27,104.54,1186.19,603.39,298.39,328.60,313.50,16.300,7.003,1774.26,1774.14,17600.0,5.732,2.400,25.58,-8.23,-3.19,37.00
11.25,3349.69,104.68,1186.20,603.63,298.39,328.62,313.51,16.306,7.004,1774.29,1774.15,17600.0,5.735,2.400,26.11,-8.82,-3.45,38.38
11.30,3354.01,104.81,1186.22,603.86,298.39,328.63,313.51,16.312,7.004,1774.33,1774.17,17600.0,5.737,2.400,26.61,-9.43,-3.72,39.76
11.35,3358.21,104.94,1186.23,604.10,298.39,328.65,313.52,16.318,7.004,1774.37,1774.19,17600.0,5.739,2.400,27.09,-10.04,-3.99,41.13
11.40,3362.30,105.07,1186.25,604.35,298.39,328.67,313.53,16.324,7.004,1774.42,1774.22,17600.0,5.742,2.400,27.54,-10.67,-4.28,42.49
11.45,3366.29,105.20,1186.26,604.59,298.39,328.69,313.54,16.330,7.004,1774.46,1774.24,17600.0,5.744,2.400,27.96,-11.30,-4.58,43.84
11.50,3370.18,105.32,1186.28,604.84,298.39,328.71,313.55,16.337,7.004,1774.52,1774.27,17600.0,5.747,2.400,28.36,-11.94,-4.88,45.19
11.55,3373.97,105.44,1186.30,605.09,298.39,328.72,313.56,16.343,7.004,1774.58,1774.30,17600.0,5.749,2.400,28.74,-12.59,-5.20,46.53
11.60,3377.66,105.55,1186.33,605.34,298.39,328.74,313.57,16.350,7.004,1774.64,1774.34,17600.0,5.752,2.400,29.10,-13.24,-5.52,47.86
11.65,3381.27,105.66,1186.35,605.60,298.39,328.76,313.58,16.357,7.004,1774.71,1774.38,17600.0,5.755,2.400,29.44,-13.89,-5.85,49.18
11.70,3384.78,105.77,1186.38,605.85,298.39,328.78,313.59,16.364,7.005,1774.78,1774.42,17600.0,5.757,2.400,29.76,-14.56,-6.18,50.50
11.75,3388.21,105.88,1186.41,606.11,298.39,328.80,313.60,16.371,7.005,1774.86,1774.47,17600.0,5.760,2.400,30.06,-15.22,-6.53,51.81
11.80,3391.56,105.99,1186.45,606.37,298.39,328.83,313.61,16.378,7.005,1774.94,1774.52,17600.0,5.763,2.400,30.34,-15.89,-6.88,53.11
11.85,3394.83,106.09,1186.48,606.63,298.39,328.85,313.62,16.385,7.005,1775.03,1774.57,17600.0,5.766,2.400,30.61,-16.56,-7.23,54.40
11.90,3398.02,106.19,1186.52,606.89,298.39,328.87,313.63,16.392,7.005,1775.12,1774.63,17600.0,5.769,2.400,30.86,-17.24,-7.59,55.69
11.95,3401.14,106.29,1186.56,607.15,298.39,328.89,313.64,16.398,7.006,1775.21,1774.69,17600.0,5.773,2.400,31.10,-17.92,-7.95,56.97
12.00,3398.47,106.20,1186.61,607.40,298.38,328.91,313.65,16.405,7.006,1775.32,1774.76,17600.0,5.776,2.400,30.05,-18.60,-8.32,56.97
12.05,3395.37,106.11,1186.65,607.64,298.38,328.93,313.66,16.412,7.006,1775.43,1774.83,17600.0,5.779,2.400,29.03,-19.25,-8.69,56.97
12.10,3392.23,106.01,1186.70,607.87,298.38,328.96,313.67,16.419,7.007,1775.54,1774.90,17600.0,5.782,2.400,28.04,-19.87,-9.07,56.97
12.15,3389.10,105.91,1186.76,608.08,298.38,328.98,313.68,16.425,7.007,1775.66,1774.98,17600.0,5.786,2.400,27.08,-20.46,-9.44,56.97
12.20,3386.01,105.81,1186.81,608.29,298.38,329.00,313.69,16.432,7.007,1775.78,1775.07,17600.0,5.789,2.400,26.15,-21.01,-9.81,56.97
12.25,3382.95,105.72,1186.87,608.48,298.38,329.02,313.70,16.438,7.008,1775.91,1775.16,17600.0,5.792,2.400,25.25,-21.54,-10.18,56.97
12.30,3379.95,105.62,1186.94,608.66,298.38,329.04,313.71,16.444,7.008,1776.04,1775.25,17600.0,5.796,2.400,24.39,-22.05,-10.54,56.97
12.35,3377.01,105.53,1187.00,608.84,298.38,329.06,313.72,16.450,7.008,1776.18,1775.35,17600.0,5.799,2.400,23.55,-22.52,-10.89,56.97
12.40,3374.15,105.44,1187.07,609.00,298.38,329.08,313.73,16.455,7.009,1776.33,1775.45,17600.0,5.802,2.400,22.76,-22.97,-11.24,56.97
12.45,3371.36,105.36,1187.14,609.15,298.38,329.10,313.74,16.461,7.009,1776.48,1775.56,17600.0,5.805,2.400,21.99,-23.40,-11.58,56.97
12.50,3368.66,105.27,1187.22,609.30,298.38,329.12,313.75,16.466,7.010,1776.63,1775.67,17600.0,5.809,2.400,21.26,-23.80,-11.92,56.97
12.55,3366.04,105.19,1187.30,609.43,298.38,329.14,313.76,16.470,7.010,1776.79,1775.79,17600.0,5.812,2.400,20.56,-24.17,-12.24,56.97
12.60,3363.52,105.11,1187.38,609.56,298.37,329.16,313.77,16.475,7.011,1776.95,1775.91,17600.0,5.815,2.400,19.89,-24.53,-12.55,56.97
12.65,3361.08,105.03,1187.47,609.68,298.37,329.18,313.78,16.479,7.011,1777.12,1776.04,17600.0,5.818,2.400,19.25,-24.86,-12.86,56.97
12.70,3358.74,104.96,1187.55,609.80,298.37,329.20,313.78,16.483,7.012,1777.29,1776.17,17600.0,5.821,2.400,18.64,-25.18,-13.15,56.97
12.75,3356.50,104.89,1187.65,609.90,298.37,329.21,313.79,16.487,7.012,1777.47,1776.31,17600.0,5.823,2.400,18.06,-25.47,-13.44,56.97
12.80,3354.35,104.82,1187.74,610.00,298.37,329.23,313.80,16.490,7.013,1777.65,1776.45,17600.0,5.826,2.400,17.51,-25.75,-13.71,56.97
12.85,3352.29,104.76,1187.84,610.10,298.37,329.24,313.81,16.493,7.013,1777.83,1776.60,17600.0,5.829,2.400,16.99,-26.01,-13.97,56.97
12.90,3350.32,104.70,1187.94,610.18,298.37,329.26,313.81,16.496,7.014,1778.01,1776.75,17600.0,5.832,2.400,16.50,-26.25,-14.23,56.97
12.95,3348.44,104.64,1188.04,610.26,298.37,329.27,313.82,16.499,7.014,1778.20,1776.90,17600.0,5.834,2.400,16.03,-26.47,-14.47,56.97
13.00,3346.65,104.58,1188.15,610.34,298.37,329.28,313.83,16.501,7.015,1778.39,1777.06,17600.0,5.837,2.400,15.58,-26.69,-14.71,56.97
13.05,3344.95,104.53,1188.25,610.41,298.37,329.30,313.83,16.504,7.016,1778.59,1777.22,17600.0,5.839,2.400,15.16,-26.88,-14.93,56.97
13.10,3343.33,104.48,1188.36,610.48,298.37,329.31,313.84,16.506,7.016,1778.78,1777.38,17600.0,5.842,2.400,14.76,-27.07,-15.15,56.97
13.15,3341.80,104.43,1188.48,610.54,298.37,329.32,313.84,16.508,7.017,1778.98,1777.55,17600.0,5.844,2.400,14.38,-27.24,-15.35,56.97
13.20,3340.34,104.39,1188.59,610.60,298.37,329.33,313.85,16.509,7.018,1779.18,1777.72,17600.0,5.846,2.400,14.02,-27.40,-15.55,56.97
13.25,3338.95,104.34,1188.71,610.65,298.37,329.34,313.85,16.511,7.018,1779.38,1777.90,17600.0,5.848,2.400,13.68,-27.55,-15.74,56.97
13.30,3337.64,104.30,1188.83,610.70,298.37,329.35,313.86,16.512,7.019,1779.58,1778.07,17600.0,5.851,2.400,13.36,-27.69,-15.92,56.97
13.35,3336.40,104.26,1188.95,610.74,298.37,329.36,313.86,16.513,7.020,1779.78,1778.25,17600.0,5.853,2.400,13.06,-27.81,-16.09,56.97
13.40,3335.22,104.23,1189.07,610.79,298.37,329.37,313.87,16.514,7.020,1779.98,1778.44,17600.0,5.855,2.400,12.78,-27.93,-16.26,56.97
13.45,3334.11,104.19,1189.19,610.83,298.37,329.38,313.87,16.515,7.021,1780.18,1778.62,17600.0,5.857,2.400,12.51,-28.04,-16.42,56.97
13.50,3333.05,104.16,1189.32,610.86,298.37,329.39,313.88,16.516,7.022,1780.39,1778.81,17600.0,5.859,2.400,12.25,-28.15,-16.58,56.97
13.55,3332.05,104.13,1189.44,610.89,298.37,329.39,313.88,16.516,7.023,1780.59,1779.00,17600.0,5.861,2.400,12.01,-28.24,-16.72,56.97
13.60,3331.10,104.10,1189.57,610.93,298.37,329.40,313.89,16.517,7.023,1780.79,1779.18,17600.0,5.863,2.400,11.78,-28.33,-16.87,56.97
13.65,3330.20,104.07,1189.70,610.95,298.37,329.41,313.89,16.517,7.024,1780.99,1779.38,17600.0,5.864,2.400,11.56,-28.41,-17.00,56.97
13.70,3329.35,104.04,1189.82,610.98,298.37,329.41,313.89,16.517,7.025,1781.20,1779.57,17600.0,5.866,2.400,11.35,-28.48,-17.14,56.97
13.75,3328.54,104.02,1189.95,611.00,298.38,329.42,313.90,16.517,7.026,1781.40,1779.76,17600.0,5.868,2.400,11.16,-28.55,-17.27,56.97
13.80,3327.76,103.99,1190.08,611.03,298.38,329.42,313.90,16.518,7.026,1781.60,1779.95,17600.0,5.870,2.400,10.97,-28.61,-17.39,56.97
13.85,3327.03,103.97,1190.21,611.05,298.38,329.43,313.90,16.518,7.027,1781.80,1780.15,17600.0,5.872,2.400,10.79,-28.67,-17.52,56.97
13.90,3326.33,103.95,1190.34,611.06,298.38,329.43,313.91,16.518,7.028,1782.00,1780.34,17600.0,5.873,2.400,10.62,-28.72,-17.63,56.97
13.95,3325.66,103.93,1190.47,611.08,298.38,329.44,313.91,16.518,7.029,1782.19,1780.54,17600.0,5.875,2.400,10.45,-28.77,-17.75,56.97
14.00,3325.02,103.91,1190.60,611.09,298.38,329.44,313.91,16.518,7.030,1782.39,1780.73,17600.0,5.877,2.400,10.30,-28.81,-17.87,56.97
14.05,3324.40,103.89,1190.73,611.11,298.39,329.45,313.92,16.517,7.030,1782.58,1780.93,17600.0,5.878,2.400,10.14,-28.85,-17.98,56.97
14.10,3323.81,103.87,1190.86,611.12,298.39,329.45,313.92,16.517,7.031,1782.77,1781.12,17600.0,5.880,2.400,10.00,-28.88,-18.09,56.97
14.15,3323.24,103.85,1190.99,611.13,298.39,329.45,313.92,16.517,7.032,1782.96,1781.32,17600.0,5.882,2.400,9.86,-28.91,-18.20,56.97
14.20,3322.69,103.83,1191.12,611.14,298.39,329.46,313.93,16.517,7.033,1783.15,1781.51,17600.0,5.883,2.400,9.72,-28.94,-18.31,56.97
14.25,3322.15,103.82,1191.25,611.15,298.40,329.46,313.93,16.517,7.033,1783.34,1781.70,17600.0,5.885,2.400,9.59,-28.96,-18.42,56.97
14.30,3321.63,103.80,1191.38,611.15,298.40,329.47,313.93,16.517,7.034,1783.52,1781.90,17600.0,5.887,2.400,9.46,-28.98,-18.53,56.97
14.35,3321.12,103.79,1191.51,611.16,298.40,329.47,313.94,16.517,7.035,1783.71,1782.09,17600.0,5.888,2.400,9.33,-29.00,-18.64,56.97
14.40,3320.62,103.77,1191.64,611.16,298.41,329.47,313.94,16.517,7.036,1783.89,1782.28,17600.0,5.890,2.400,9.21,-29.01,-18.75,56.97
14.45,3320.13,103.75,1191.76,611.17,298.41,329.47,313.94,16.516,7.036,1784.06,1782.47,17600.0,5.892,2.400,9.09,-29.02,-18.86,56.97
14.50,3319.65,103.74,1191.89,611.17,298.41,329.48,313.95,16.516,7.037,1784.24,1782.65,17600.0,5.893,2.400,8.97,-29.03,-18.97,56.97
14.55,3319.18,103.72,1192.01,611.17,298.42,329.48,313.95,16.516,7.038,1784.41,1782.84,17600.0,5.895,2.400,8.85,-29.04,-19.08,56.97
14.60,3318.71,103.71,1192.13,611.17,298.42,329.48,313.95,16.516,7.039,1784.58,1783.02,17600.0,5.897,2.400,8.73,-29.04,-19.19,56.97
14.65,3318.24,103.70,1192.26,611.17,298.43,329.48,313.95,16.516,7.039,1784.75,1783.21,17600.0,5.898,2.400,8.62,-29.04,-19.31,56.97
14.70,3317.78,103.68,1192.38,611.17,298.43,329.49,313.96,16.516,7.040,1784.92,1783.39,17600.0,5.900,2.400,8.51,-29.04,-19.42,56.97
14.75,3317.32,103.67,1192.50,611.17,298.43,329.49,313.96,16.516,7.041,1785.08,1783.57,17600.0,5.902,2.400,8.39,-29.04,-19.54,56.97
14.80,3316.85,103.65,1192.62,611.16,298.44,329.49,313.97,16.516,7.041,1785.24,1783.74,17600.0,5.903,2.400,8.28,-29.03,-19.66,56.97
14.85,3316.39,103.64,1192.73,611.16,298.44,329.49,313.97,16.517,7.042,1785.40,1783.92,17600.0,5.905,2.400,8.17,-29.03,-19.78,56.97
14.90,3315.93,103.62,1192.85,611.16,298.45,329.50,313.97,16.517,7.043,1785.56,1784.09,17600.0,5.907,2.400,8.06,-29.02,-19.90,56.97
14.95,3315.46,103.61,1192.96,611.15,298.45,329.50,313.98,16.517,7.043,1785.71,1784.26,17600.0,5.909,2.400,7.94,-29.01,-20.02,56.97
15.00,3315.00,103.59,1193.08,611.14,298.46,329.50,313.98,16.517,7.044,1785.87,1784.43,17600.0,5.911,2.400,7.83,-28.99,-20.15,56.97
15.05,3314.53,103.58,1193.19,611.14,298.46,329.50,313.98,16.517,7.045,1786.02,1784.60,17600.0,5.912,2.400,7.72,-28.98,-20.27,56.97
15.10,3314.05,103.56,1193.30,611.13,298.47,329.51,313.99,16.518,7.045,1786.16,1784.76,17600.0,5.914,2.400,7.61,-28.96,-20.40,56.97
15.15,3313.58,103.55,1193.41,611.12,298.47,329.51,313.99,16.518,7.046,1786.31,1784.93,17600.0,5.916,2.400,7.50,-28.94,-20.53,56.97
15.20,3313.09,103.53,1193.51,611.11,298.48,329.51,313.99,16.519,7.047,1786.45,1785.09,17600.0,5.918,2.400,7.39,-28.92,-20.67,56.97
15.25,3312.61,103.52,1193.62,611.10,298.48,329.51,314.00,16.519,7.047,1786.59,1785.25,17600.0,5.920,2.400,7.27,-28.89,-20.80,56.97
15.30,3312.12,103.50,1193.73,611.09,298.49,329.52,314.00,16.519,7.048,1786.73,1785.40,17600.0,5.922,2.400,7.16,-28.87,-20.94,56.97
15.35,3311.63,103.49,1193.83,611.08,298.49,329.52,314.01,16.520,7.049,1786.86,1785.56,17600.0,5.924,2.400,7.05,-28.84,-21.08,56.97
15.40,3311.13,103.47,1193.93,611.07,298.50,329.52,314.01,16.520,7.049,1787.00,1785.71,17600.0,5.926,2.400,6.94,-28.81,-21.22,56.97
15.45,3310.62,103.46,1194.03,611.06,298.51,329.52,314.01,16.521,7.050,1787.13,1785.86,17600.0,5.928,2.400,6.83,-28.78,-21.36,56.97
15.50,3310.12,103.44,1194.13,611.04,298.51,329.53,314.02,16.521,7.050,1787.25,1786.01,17600.0,5.930,2.400,6.71,-28.75,-21.51,56.97
15.55,3309.60,103.43,1194.23,611.03,298.52,329.53,314.02,16.522,7.051,1787.38,1786.15,17600.0,5.932,2.400,6.60,-28.72,-21.65,56.97
15.60,3309.09,103.41,1194.32,611.02,298.52,329.53,314.03,16.523,7.051,1787.51,1786.29,17600.0,5.934,2.400,6.49,-28.68,-21.80,56.97
15.65,3308.57,103.39,1194.42,611.00,298.53,329.53,314.03,16.523,7.052,1787.63,1786.43,17600.0,5.936,2.400,6.38,-28.64,-21.95,56.97
15.70,3308.04,103.38,1194.51,610.99,298.53,329.54,314.04,16.524,7.053,1787.75,1786.57,17600.0,5.938,2.400,6.26,-28.60,-22.10,56.97
15.75,3307.51,103.36,1194.60,610.97,298.54,329.54,314.04,16.525,7.053,1787.87,1786.71,17600.0,5.940,2.400,6.15,-28.56,-22.26,56.97
15.80,3306.98,103.34,1194.69,610.95,298.55,329.54,314.04,16.525,7.054,1787.98,1786.84,17600.0,5.942,2.400,6.04,-28.52,-22.41,56.97
15.85,3306.44,103.33,1194.78,610.94,298.55,329.55,314.05,16.526,7.054,1788.10,1786.98,17600.0,5.944,2.400,5.92,-28.48,-22.57,56.97
15.90,3305.90,103.31,1194.87,610.92,298.56,329.55,314.05,16.527,7.055,1788.21,1787.11,17600.0,5.946,2.400,5.81,-28.43,-22.73,56.97
15.95,3305.36,103.29,1194.95,610.90,298.57,329.55,314.06,16.528,7.055,1788.32,1787.24,17600.0,5.948,2.400,5.70,-28.38,-22.89,56.97
16.00,3304.82,103.28,1195.04,610.88,298.57,329.55,314.06,16.529,7.056,1788.43,1787.36,17600.0,5.950,2.400,5.59,-28.34,-23.05,56.97
16.05,3304.27,103.26,1195.12,610.86,298.58,329.56,314.07,16.529,7.056,1788.54,1787.49,17600.0,5.952,2.400,5.48,-28.29,-23.21,56.97
16.10,3303.72,103.24,1195.20,610.84,298.59,329.56,314.07,16.530,7.057,1788.65,1787.61,17600.0,5.954,2.400,5.37,-28.23,-23.37,56.97
16.15,3303.17,103.22,1195.28,610.82,298.59,329.56,314.08,16.531,7.057,1788.75,1787.73,17600.0,5.957,2.400,5.26,-28.18,-23.53,56.97
16.20,3302.61,103.21,1195.36,610.80,298.60,329.57,314.08,16.532,7.058,1788.86,1787.85,17600.0,5.959,2.400,5.15,-28.13,-23.70,56.97
16.25,3302.06,103.19,1195.44,610.77,298.60,329.57,314.09,16.533,7.058,1788.96,1787.97,17600.0,5.961,2.400,5.04,-28.07,-23.86,56.97
16.30,3301.50,103.17,1195.52,610.75,298.61,329.57,314.09,16.533,7.059,1789.06,1788.08,17600.0,5.963,2.400,4.93,-28.01,-24.03,56.97
16.35,3300.95,103.15,1195.59,610.73,298.62,329.57,314.10,16.534,7.059,1789.16,1788.19,17600.0,5.965,2.400,4.82,-27.95,-24.19,56.97
16.40,3300.39,103.14,1195.67,610.70,298.62,329.58,314.10,16.535,7.059,1789.25,1788.31,17600.0,5.968,2.400,4.72,-27.89,-24.36,56.97
16.45,3299.83,103.12,1195.74,610.68,298.63,329.58,314.11,16.536,7.060,1789.35,1788.42,17600.0,5.970,2.400,4.61,-27.83,-24.53,56.97
16.50,3299.28,103.10,1195.81,610.66,298.64,329.58,314.11,16.537,7.060,1789.44,1788.52,17600.0,5.972,2.400,4.51,-27.77,-24.70,56.97
16.55,3298.72,103.09,1195.88,610.63,298.64,329.59,314.12,16.537,7.061,1789.54,1788.63,17600.0,5.974,2.400,4.40,-27.71,-24.86,56.97
16.60,3298.17,103.07,1195.95,610.61,298.65,329.59,314.12,16.538,7.061,1789.63,1788.74,17600.0,5.976,2.400,4.30,-27.64,-25.03,56.97
16.65,3297.61,103.05,1196.02,610.58,298.66,329.59,314.12,16.539,7.062,1789.72,1788.84,17600.0,5.979,2.400,4.20,-27.57,-25.20,56.97
16.70,3297.06,103.03,1196.09,610.55,298.66,329.60,314.13,16.540,7.062,1789.81,1788.94,17600.0,5.981,2.400,4.10,-27.51,-25.37,56.97
16.75,3296.51,103.02,1196.16,610.53,298.67,329.60,314.13,16.541,7.062,1789.90,1789.04,17600.0,5.983,2.400,4.00,-27.44,-25.54,56.97
16.80,3295.96,103.00,1196.23,610.50,298.68,329.60,314.14,16.541,7.063,1789.99,1789.14,17600.0,5.985,2.400,3.90,-27.37,-25.71,56.97
16.85,3295.41,102.98,1196.29,610.47,298.68,329.60,314.14,16.542,7.063,1790.07,1789.24,17600.0,5.988,2.400,3.80,-27.30,-25.87,56.97
16.90,3294.87,102.96,1196.36,610.44,298.69,329.61,314.15,16.543,7.064,1790.16,1789.34,17600.0,5.990,2.400,3.70,-27.23,-26.04,56.97
16.95,3294.33,102.95,1196.42,610.41,298.70,329.61,314.15,16.543,7.064,1790.24,1789.43,17600.0,5.992,2.400,3.61,-27.15,-26.21,56.97
17.00,3293.79,102.93,1196.48,610.39,298.70,329.61,314.16,16.544,7.064,1790.33,1789.53,17600.0,5.994,2.400,3.52,-27.08,-26.38,56.97
17.05,3293.25,102.91,1196.55,610.36,298.71,329.62,314.16,16.545,7.065,1790.41,1789.62,17600.0,5.997,2.400,3.42,-27.00,-26.54,56.97
17.10,3292.72,102.90,1196.61,610.33,298.72,329.62,314.17,16.545,7.065,1790.49,1789.71,17600.0,5.999,2.400,3.33,-26.93,-26.71,56.97
17.15,3292.19,102.88,1196.67,610.30,298.72,329.62,314.17,16.546,7.065,1790.57,1789.80,17600.0,6.001,2.400,3.24,-26.85,-26.88,56.97
17.20,3291.66,102.86,1196.73,610.27,298.73,329.63,314.18,16.547,7.066,1790.65,1789.89,17600.0,6.003,2.400,3.15,-26.78,-27.04,56.97
17.25,3291.14,102.85,1196.79,610.24,298.73,329.63,314.18,16.547,7.066,1790.73,1789.98,17600.0,6.006,2.400,3.07,-26.70,-27.21,56.97
17.30,3290.62,102.83,1196.84,610.21,298.74,329.63,314.19,16.548,7.066,1790.81,1790.07,17600.0,6.008,2.400,2.98,-26.62,-27.37,56.97
17.35,3290.10,102.82,1196.90,610.18,298.75,329.63,314.19,16.548,7.067,1790.88,1790.15,17600.0,6.010,2.400,2.90,-26.54,-27.53,56.97
17.40,3289.59,102.80,1196.96,610.15,298.75,329.64,314.20,16.549,7.067,1790.96,1790.24,17600.0,6.012,2.400,2.82,-26.46,-27.70,56.97
17.45,3289.09,102.78,1197.02,610.11,298.76,329.64,314.20,16.549,7.067,1791.04,1790.32,17600.0,6.015,2.400,2.73,-26.38,-27.86,56.97
17.50,3288.58,102.77,1197.07,610.08,298.77,329.64,314.21,16.550,7.068,1791.11,1790.41,17600.0,6.017,2.400,2.65,-26.30,-28.02,56.97
17.55,3288.09,102.75,1197.13,610.05,298.77,329.65,314.21,16.550,7.068,1791.19,1790.49,17600.0,6.019,2.400,2.58,-26.22,-28.18,56.97
17.60,3287.59,102.74,1197.18,610.02,298.78,329.65,314.21,16.551,7.068,1791.26,1790.57,17600.0,6.021,2.400,2.50,-26.13,-28.34,56.97
17.65,3287.10,102.72,1197.23,609.99,298.79,329.65,314.22,16.551,7.069,1791.33,1790.65,17600.0,6.023,2.400,2.42,-26.05,-28.50,56.97
17.70,3286.62,102.71,1197.29,609.96,298.79,329.65,314.22,16.551,7.069,1791.40,1790.73,17600.0,6.026,2.400,2.35,-25.97,-28.66,56.97
17.75,3286.14,102.69,1197.34,609.92,298.80,329.66,314.23,16.552,7.069,1791.47,1790.81,17600.0,6.028,2.400,2.27,-25.88,-28.81,56.97
17.80,3285.66,102.68,1197.39,609.89,298.80,329.66,314.23,16.552,7.070,1791.54,1790.89,17600.0,6.030,2.400,2.20,-25.80,-28.97,56.97
17.85,3285.19,102.66,1197.44,609.86,298.81,329.66,314.24,16.552,7.070,1791.61,1790.96,17600.0,6.032,2.400,2.13,-25.72,-29.12,56.97
17.90,3284.72,102.65,1197.49,609.83,298.82,329.67,314.24,16.553,7.070,1791.68,1791.04,17600.0,6.034,2.400,2.06,-25.63,-29.28,56.97
17.95,3284.26,102.63,1197.54,609.79,298.82,329.67,314.25,16.553,7.071,1791.75,1791.11,17600.0,6.037,2.400,2.00,-25.55,-29.43,56.97
18.00,3283.80,102.62,1197.59,609.76,298.83,329.67,314.25,16.553,7.071,1791.82,1791.19,17600.0,6.039,2.400,1.93,-25.46,-29.58,56.97
18.05,3283.35,102.60,1197.64,609.73,298.83,329.67,314.25,16.553,7.071,1791.89,1791.26,17600.0,6.041,2.400,1.87,-25.38,-29.73,56.97
18.10,3282.90,102.59,1197.69,609.69,298.84,329.68,314.26,16.553,7.071,1791.95,1791.34,17600.0,6.043,2.400,1.80,-25.29,-29.88,56.97
18.15,3282.46,102.58,1197.74,609.66,298.85,329.68,314.26,16.554,7.072,1792.02,1791.41,17600.0,6.045,2.400,1.74,-25.20,-30.03,56.97
18.20,3282.02,102.56,1197.79,609.63,298.85,329.68,314.27,16.554,7.072,1792.08,1791.48,17600.0,6.047,2.400,1.68,-25.12,-30.17,56.97
18.25,3281.58,102.55,1197.84,609.59,298.86,329.68,314.27,16.554,7.072,1792.15,1791.55,17600.0,6.049,2.400,1.62,-25.03,-30.32,56.97
18.30,3281.15,102.54,1197.88,609.56,298.86,329.69,314.27,16.554,7.073,1792.21,1791.62,17600.0,6.051,2.400,1.56,-24.95,-30.47,56.97
18.35,3280.73,102.52,1197.93,609.53,298.87,329.69,314.28,16.554,7.073,1792.28,1791.69,17600.0,6.054,2.400,1.50,-24.86,-30.61,56.97
18.40,3280.31,102.51,1197.97,609.49,298.87,329.69,314.28,16.554,7.073,1792.34,1791.76,17600.0,6.056,2.400,1.45,-24.77,-30.75,56.97
18.45,3279.89,102.50,1198.02,609.46,298.88,329.69,314.29,16.554,7.073,1792.40,1791.83,17600.0,6.058,2.400,1.39,-24.69,-30.89,56.97
18.50,3279.48,102.48,1198.07,609.43,298.89,329.70,314.29,16.554,7.074,1792.46,1791.89,17600.0,6.060,2.400,1.34,-24.60,-31.03,56.97
18.55,3279.07,102.47,1198.11,609.40,298.89,329.70,314.29,16.554,7.074,1792.53,1791.96,17600.0,6.062,2.400,1.28,-24.51,-31.17,56.97
18.60,3278.67,102.46,1198.15,609.36,298.90,329.70,314.30,16.554,7.074,1792.59,1792.03,17600.0,6.064,2.400,1.23,-24.43,-31.31,56.97
18.65,3278.27,102.45,1198.20,609.33,298.90,329.70,314.30,16.554,7.074,1792.65,1792.09,17600.0,6.066,2.400,1.18,-24.34,-31.45,56.97
18.70,3277.88,102.43,1198.24,609.30,298.91,329.70,314.31,16.554,7.075,1792.71,1792.16,17600.0,6.068,2.400,1.13,-24.26,-31.58,56.97
18.75,3277.49,102.42,1198.28,609.26,298.91,329.71,314.31,16.553,7.075,1792.76,1792.22,17600.0,6.070,2.400,1.08,-24.17,-31.72,56.97
18.80,3277.10,102.41,1198.33,609.23,298.92,329.71,314.31,16.553,7.075,1792.82,1792.28,17600.0,6.072,2.400,1.03,-24.08,-31.85,56.97
18.85,3276.72,102.40,1198.37,609.20,298.92,329.71,314.32,16.553,7.075,1792.88,1792.35,17600.0,6.074,2.400,0.99,-24.00,-31.99,56.97
18.90,3276.34,102.39,1198.41,609.16,298.93,329.71,314.32,16.553,7.076,1792.94,1792.41,17600.0,6.076,2.400,0.94,-23.91,-32.12,56.97
18.95,3275.97,102.37,1198.45,609.13,298.94,329.71,314.33,16.553,7.076,1792.99,1792.47,17600.0,6.078,2.400,0.90,-23.83,-32.25,56.97
19.00,3275.60,102.36,1198.49,609.10,298.94,329.72,314.33,16.552,7.076,1793.05,1792.53,17600.0,6.080,2.400,0.85,-23.74,-32.38,56.97
19.05,3275.23,102.35,1198.53,609.07,298.95,329.72,314.33,16.552,7.076,1793.11,1792.59,17600.0,6.082,2.400,0.81,-23.66,-32.50,56.97
19.10,3274.87,102.34,1198.57,609.03,298.95,329.72,314.34,16.552,7.077,1793.16,1792.65,17600.0,6.084,2.400,0.77,-23.57,-32.63,56.97
19.15,3274.51,102.33,1198.61,609.00,298.96,329.72,314.34,16.552,7.077,1793.22,1792.71,17600.0,6.086,2.400,0.73,-23.49,-32.76,56.97
19.20,3274.16,102.32,1198.65,608.97,298.96,329.72,314.34,16.551,7.077,1793.27,1792.77,17600.0,6.088,2.400,0.69,-23.40,-32.88,56.97
19.25,3273.81,102.31,1198.69,608.94,298.97,329.73,314.35,16.551,7.077,1793.32,1792.83,17600.0,6.090,2.400,0.65,-23.32,-33.01,56.97
19.30,3273.46,102.30,1198.73,608.90,298.97,329.73,314.35,16.551,7.078,1793.38,1792.89,17600.0,6.092,2.400,0.61,-23.23,-33.13,56.97
19.35,3273.11,102.28,1198.77,608.87,298.98,329.73,314.35,16.550,7.078,1793.43,1792.94,17600.0,6.094,2.400,0.57,-23.15,-33.25,56.97
19.40,3272.77,102.27,1198.81,608.84,298.98,329.73,314.36,16.550,7.078,1793.48,1793.00,17600.0,6.095,2.400,0.53,-23.07,-33.37,56.97
19.45,3272.44,102.26,1198.84,608.81,298.99,329.73,314.36,16.550,7.078,1793.53,1793.06,17600.0,6.097,2.400,0.50,-22.98,-33.49,56.97
19.50,3272.10,102.25,1198.88,608.78,298.99,329.74,314.36,16.549,7.078,1793.58,1793.11,17600.0,6.099,2.400,0.46,-22.90,-33.61,56.97
19.55,3271.77,102.24,1198.92,608.75,299.00,329.74,314.37,16.549,7.079,1793.63,1793.17,17600.0,6.101,2.400,0.43,-22.82,-33.73,56.97
19.60,3271.44,102.23,1198.95,608.71,299.00,329.74,314.37,16.548,7.079,1793.68,1793.22,17600.0,6.103,2.400,0.39,-22.74,-33.84,56.97
19.65,3271.12,102.22,1198.99,608.68,299.01,329.74,314.37,16.548,7.079,1793.73,1793.28,17600.0,6.105,2.400,0.36,-22.66,-33.96,56.97
19.70,3270.80,102.21,1199.03,608.65,299.01,329.74,314.38,16.547,7.079,1793.78,1793.33,17600.0,6.107,2.400,0.32,-22.57,-34.07,56.97
19.75,3270.48,102.20,1199.06,608.62,299.02,329.74,314.38,16.547,7.079,1793.83,1793.38,17600.0,6.108,2.400,0.29,-22.49,-34.19,56.97
19.80,3270.16,102.19,1199.10,608.59,299.02,329.75,314.38,16.546,7.080,1793.88,1793.44,17600.0,6.110,2.400,0.26,-22.41,-34.30,56.97
19.85,3269.85,102.18,1199.13,608.56,299.03,329.75,314.39,16.546,7.080,1793.93,1793.49,17600.0,6.112,2.400,0.23,-22.33,-34.41,56.97
19.90,3269.54,102.17,1199.16,608.53,299.03,329.75,314.39,16.546,7.080,1793.97,1793.54,17600.0,6.114,2.400,0.20,-22.25,-34.52,56.97
19.95,3269.23,102.16,1199.20,608.50,299.03,329.75,314.39,16.545,7.080,1794.02,1793.59,17600.0,6.116,2.400,0.17,-22.17,-34.63,56.97
20.00,3268.93,102.15,1199.23,608.47,299.04,329.75,314.40,16.544,7.080,1794.07,1793.64,17600.0,6.117,2.400,0.14,-22.09,-34.74,56.97
20.05,3268.63,102.14,1199.27,608.44,299.04,329.75,314.40,16.544,7.081,1794.11,1793.69,17600.0,6.119,2.400,0.11,-22.01,-34.85,56.97
20.10,3268.33,102.14,1199.30,608.41,299.05,329.76,314.40,16.543,7.081,1794.16,1793.74,17600.0,6.121,2.400,0.08,-21.94,-34.95,56.97
20.15,3268.03,102.13,1199.33,608.38,299.05,329.76,314.40,16.543,7.081,1794.20,1793.79,17600.0,6.123,2.400,0.05,-21.86,-35.06,56.97
20.20,3267.74,102.12,1199.36,608.35,299.06,329.76,314.41,16.542,7.081,1794.25,1793.84,17600.0,6.124,2.400,0.03,-21.78,-35.16,56.97
20.25,3267.45,102.11,1199.40,608.32,299.06,329.76,314.41,16.542,7.081,1794.29,1793.88,17600.0,6.126,2.400,0.00,-21.70,-35.27,56.97
20.30,3267.16,102.10,1199.43,608.29,299.07,329.76,314.41,16.541,7.082,1794.33,1793.93,17600.0,6.128,2.400,-0.03,-21.63,-35.37,56.97
20.35,3266.87,102.09,1199.46,608.26,299.07,329.76,314.42,16.540,7.082,1794.38,1793.98,17600.0,6.130,2.400,-0.05,-21.55,-35.47,56.97
20.40,3266.59,102.08,1199.49,608.23,299.07,329.76,314.42,16.540,7.082,1794.42,1794.02,17600.0,6.131,2.400,-0.08,-21.47,-35.57,56.97
20.45,3266.31,102.07,1199.52,608.20,299.08,329.77,314.42,16.539,7.082,1794.46,1794.07,17600.0,6.133,2.400,-0.10,-21.40,-35.68,56.97
20.50,3266.03,102.06,1199.55,608.17,299.08,329.77,314.42,16.539,7.082,1794.50,1794.12,17600.0,6.135,2.400,-0.13,-21.32,-35.77,56.97
20.55,3265.75,102.05,1199.58,608.14,299.09,329.77,314.43,16.538,7.083,1794.54,1794.16,17600.0,6.136,2.400,-0.15,-21.25,-35.87,56.97
20.60,3265.48,102.05,1199.61,608.11,299.09,329.77,314.43,16.537,7.083,1794.58,1794.21,17600.0,6.138,2.400,-0.17,-21.17,-35.97,56.97
20.65,3265.21,102.04,1199.64,608.09,299.10,329.77,314.43,16.537,7.083,1794.62,1794.25,17600.0,6.140,2.400,-0.20,-21.10,-36.07,56.97
20.70,3264.94,102.03,1199.67,608.06,299.10,329.77,314.44,16.536,7.083,1794.66,1794.29,17600.0,6.141,2.400,-0.22,-21.02,-36.17,56.97
20.75,3264.67,102.02,1199.70,608.03,299.10,329.77,314.44,16.535,7.083,1794.70,1794.34,17600.0,6.143,2.400,-0.24,-20.95,-36.26,56.97
20.80,3264.40,102.01,1199.73,608.00,299.11,329.77,314.44,16.535,7.083,1794.74,1794.38,17600.0,6.144,2.400,-0.26,-20.88,-36.36,56.97
20.85,3264.14,102.00,1199.76,607.97,299.11,329.78,314.44,16.534,7.084,1794.78,1794.42,17600.0,6.146,2.400,-0.28,-20.81,-36.45,56.97
20.90,3263.88,102.00,1199.78,607.95,299.12,329.78,314.45,16.533,7.084,1794.82,1794.46,17600.0,6.148,2.400,-0.31,-20.73,-36.54,56.97
20.95,3263.62,101.99,1199.81,607.92,299.12,329.78,314.45,16.533,7.084,1794.86,1794.51,17600.0,6.149,2.400,-0.33,-20.66,-36.63,56.97
21.00,3263.37,101.98,1199.84,607.89,299.12,329.78,314.45,16.532,7.084,1794.89,1794.55,17600.0,6.151,2.400,-0.35,-20.59,-36.73,56.97
21.05,3263.11,101.97,1199.87,607.87,299.13,329.78,314.45,16.531,7.084,1794.93,1794.59,17600.0,6.152,2.400,-0.37,-20.52,-36.82,56.97
21.10,3262.86,101.96,1199.89,607.84,299.13,329.78,314.46,16.531,7.084,1794.97,1794.63,17600.0,6.154,2.400,-0.38,-20.45,-36.91,56.97
21.15,3262.61,101.96,1199.92,607.81,299.14,329.78,314.46,16.530,7.085,1795.00,1794.67,17600.0,6.155,2.400,-0.40,-20.38,-36.99,56.97
21.20,3262.36,101.95,1199.95,607.79,299.14,329.78,314.46,16.529,7.085,1795.04,1794.71,17600.0,6.157,2.400,-0.42,-20.31,-37.08,56.97
21.25,3262.11,101.94,1199.97,607.76,299.14,329.79,314.46,16.528,7.085,1795.07,1794.75,17600.0,6.159,2.400,-0.44,-20.24,-37.17,56.97
21.30,3261.87,101.93,1200.00,607.73,299.15,329.79,314.47,16.528,7.085,1795.11,1794.78,17600.0,6.160,2.400,-0.46,-20.17,-37.26,56.97
21.35,3261.63,101.93,1200.02,607.71,299.15,329.79,314.47,16.527,7.085,1795.14,1794.82,17600.0,6.162,2.400,-0.48,-20.10,-37.34,56.97
21.40,3261.39,101.92,1200.05,607.68,299.15,329.79,314.47,16.526,7.085,1795.18,1794.86,17600.0,6.163,2.400,-0.49,-20.04,-37.43,56.97
21.45,3261.15,101.91,1200.07,607.65,299.16,329.79,314.47,16.525,7.085,1795.21,1794.90,17600.0,6.165,2.400,-0.51,-19.97,-37.51,56.97
21.50,3260.91,101.90,1200.10,607.63,299.16,329.79,314.48,16.525,7.086,1795.25,1794.93,17600.0,6.166,2.400,-0.53,-19.90,-37.60,56.97
21.55,3260.68,101.90,1200.12,607.60,299.17,329.79,314.48,16.524,7.086,1795.28,1794.97,17600.0,6.167,2.400,-0.54,-19.84,-37.68,56.97
21.60,3260.45,101.89,1200.15,607.58,299.17,329.79,314.48,16.523,7.086,1795.31,1795.01,17600.0,6.169,2.400,-0.56,-19.77,-37.76,56.97
21.65,3260.22,101.88,1200.17,607.55,299.17,329.79,314.48,16.522,7.086,1795.34,1795.04,17600.0,6.170,2.400,-0.58,-19.70,-37.84,56.97
21.70,3259.99,101.87,1200.19,607.53,299.18,329.80,314.49,16.522,7.086,1795.38,1795.08,17600.0,6.172,2.400,-0.59,-19.64,-37.92,56.97
21.75,3259.76,101.87,1200.22,607.50,299.18,329.80,314.49,16.521,7.086,1795.41,1795.11,17600.0,6.173,2.400,-0.61,-19.57,-38.00,56.97
21.80,3259.54,101.86,1200.24,607.48,299.18,329.80,314.49,16.520,7.086,1795.44,1795.15,17600.0,6.175,2.400,-0.62,-19.51,-38.08,56.97
21.85,3259.31,101.85,1200.26,607.45,299.19,329.80,314.49,16.519,7.087,1795.47,1795.18,17600.0,6.176,2.400,-0.63,-19.45,-38.16,56.97
21.90,3259.09,101.85,1200.29,607.43,299.19,329.80,314.49,16.518,7.087,1795.50,1795.21,17600.0,6.177,2.400,-0.65,-19.38,-38.24,56.97
21.95,3258.87,101.84,1200.31,607.41,299.19,329.80,314.50,16.518,7.087,1795.53,1795.25,17600.0,6.179,2.400,-0.66,-19.32,-38.31,56.97
22.00,3258.66,101.83,1200.33,607.38,299.20,329.80,314.50,16.517,7.087,1795.56,1795.28,17600.0,6.180,2.400,-0.68,-19.26,-38.39,56.97
22.05,3258.44,101.83,1200.35,607.36,299.20,329.80,314.50,16.516,7.087,1795.59,1795.31,17600.0,6.182,2.400,-0.69,-19.19,-38.47,56.97
22.10,3258.23,101.82,1200.37,607.33,299.20,329.80,314.50,16.515,7.087,1795.62,1795.35,17600.0,6.183,2.400,-0.70,-19.13,-38.54,56.97
22.15,3258.02,101.81,1200.39,607.31,299.21,329.80,314.51,16.515,7.087,1795.65,1795.38,17600.0,6.184,2.400,-0.71,-19.07,-38.62,56.97
22.20,3257.81,101.81,1200.42,607.29,299.21,329.80,314.51,16.514,7.087,1795.68,1795.41,17600.0,6.186,2.400,-0.73,-19.01,-38.69,56.97
22.25,3257.60,101.80,1200.44,607.26,299.21,329.81,314.51,16.513,7.088,1795.70,1795.44,17600.0,6.187,2.400,-0.74,-18.95,-38.76,56.97
22.30,3257.39,101.79,1200.46,607.24,299.22,329.81,314.51,16.512,7.088,1795.73,1795.47,17600.0,6.188,2.400,-0.75,-18.89,-38.83,56.97
22.35,3257.19,101.79,1200.48,607.22,299.22,329.81,314.51,16.511,7.088,1795.76,1795.50,17600.0,6.190,2.400,-0.76,-18.83,-38.91,56.97
22.40,3256.98,101.78,1200.50,607.20,299.22,329.81,314.52,16.511,7.088,1795.79,1795.53,17600.0,6.191,2.400,-0.77,-18.77,-38.98,56.97
22.45,3256.78,101.77,1200.52,607.17,299.23,329.81,314.52,16.510,7.088,1795.81,1795.56,17600.0,6.192,2.400,-0.78,-18.71,-39.05,56.97
22.50,3256.58,101.77,1200.54,607.15,299.23,329.81,314.52,16.509,7.088,1795.84,1795.59,17600.0,6.194,2.400,-0.80,-18.65,-39.12,56.97
22.55,3256.38,101.76,1200.56,607.13,299.23,329.81,314.52,16.508,7.088,1795.87,1795.62,17600.0,6.195,2.400,-0.81,-18.59,-39.19,56.97
22.60,3256.19,101.76,1200.58,607.11,299.23,329.81,314.52,16.507,7.088,1795.89,1795.65,17600.0,6.196,2.400,-0.82,-18.53,-39.25,56.97
22.65,3255.99,101.75,1200.60,607.08,299.24,329.81,314.53,16.506,7.089,1795.92,1795.68,17600.0,6.197,2.400,-0.83,-18.48,-39.32,56.97
22.70,3255.80,101.74,1200.61,607.06,299.24,329.81,314.53,16.506,7.089,1795.95,1795.71,17600.0,6.199,2.400,-0.84,-18.42,-39.39,56.97
22.75,3255.61,101.74,1200.63,607.04,299.24,329.81,314.53,16.505,7.089,1795.97,1795.73,17600.0,6.200,2.400,-0.85,-18.36,-39.45,56.97
22.80,3255.42,101.73,1200.65,607.02,299.25,329.82,314.53,16.504,7.089,1796.00,1795.76,17600.0,6.201,2.400,-0.85,-18.31,-39.52,56.97
22.85,3255.23,101.73,1200.67,607.00,299.25,329.82,314.53,16.503,7.089,1796.02,1795.79,17600.0,6.202,2.400,-0.86,-18.25,-39.58,56.97
22.90,3255.04,101.72,1200.69,606.98,299.25,329.82,314.53,16.502,7.089,1796.04,1795.82,17600.0,6.204,2.400,-0.87,-18.19,-39.65,56.97
22.95,3254.86,101.71,1200.71,606.96,299.26,329.82,314.54,16.502,7.089,1796.07,1795.84,17600.0,6.205,2.400,-0.88,-18.14,-39.71,56.97
23.00,3254.68,101.71,1200.72,606.93,299.26,329.82,314.54,16.501,7.089,1796.09,1795.87,17600.0,6.206,2.400,-0.89,-18.08,-39.78,56.97
23.05,3254.50,101.70,1200.74,606.91,299.26,329.82,314.54,16.500,7.089,1796.12,1795.89,17600.0,6.207,2.400,-0.90,-18.03,-39.84,56.97
23.10,3254.32,101.70,1200.76,606.89,299.26,329.82,314.54,16.499,7.089,1796.14,1795.92,17600.0,6.208,2.400,-0.91,-17.98,-39.90,56.97
23.15,3254.14,101.69,1200.77,606.87,299.27,329.82,314.54,16.498,7.090,1796.16,1795.95,17600.0,6.210,2.400,-0.91,-17.92,-39.96,56.97
23.20,3253.96,101.69,1200.79,606.85,299.27,329.82,314.55,16.497,7.090,1796.18,1795.97,17600.0,6.211,2.400,-0.92,-17.87,-40.02,56.97
23.25,3253.79,101.68,1200.81,606.83,299.27,329.82,314.55,16.497,7.090,1796.21,1796.00,17600.0,6.212,2.400,-0.93,-17.82,-40.08,56.97
23.30,3253.61,101.68,1200.82,606.81,299.27,329.82,314.55,16.496,7.090,1796.23,1796.02,17600.0,6.213,2.400,-0.93,-17.76,-40.14,56.97
23.35,3253.44,101.67,1200.84,606.79,299.28,329.82,314.55,16.495,7.090,1796.25,1796.05,17600.0,6.214,2.400,-0.94,-17.71,-40.20,56.97
23.40,3253.27,101.66,1200.86,606.77,299.28,329.82,314.55,16.494,7.090,1796.27,1796.07,17600.0,6.215,2.400,-0.95,-17.66,-40.26,56.97
23.45,3253.10,101.66,1200.87,606.75,299.28,329.82,314.55,16.493,7.090,1796.29,1796.09,17600.0,6.216,2.400,-0.95,-17.61,-40.32,56.97
23.50,3252.93,101.65,1200.89,606.73,299.29,329.83,314.56,16.492,7.090,1796.32,1796.12,17600.0,6.218,2.400,-0.96,-17.56,-40.37,56.97
23.55,3252.77,101.65,1200.90,606.71,299.29,329.83,314.56,16.492,7.090,1796.34,1796.14,17600.0,6.219,2.400,-0.97,-17.51,-40.43,56.97
23.60,3252.60,101.64,1200.92,606.69,299.29,329.83,314.56,16.491,7.090,1796.36,1796.16,17600.0,6.220,2.400,-0.97,-17.46,-40.49,56.97
23.65,3252.44,101.64,1200.93,606.68,299.29,329.83,314.56,16.490,7.091,1796.38,1796.19,17600.0,6.221,2.400,-0.98,-17.41,-40.54,56.97
23.70,3252.28,101.63,1200.95,606.66,299.30,329.83,314.56,16.489,7.091,1796.40,1796.21,17600.0,6.222,2.400,-0.98,-17.36,-40.60,56.97
23.75,3252.12,101.63,1200.96,606.64,299.30,329.83,314.56,16.488,7.091,1796.42,1796.23,17600.0,6.223,2.400,-0.99,-17.31,-40.65,56.97
23.80,3251.96,101.62,1200.98,606.62,299.30,329.83,314.56,16.487,7.091,1796.44,1796.25,17600.0,6.224,2.400,-0.99,-17.26,-40.71,56.97
23.85,3251.80,101.62,1200.99,606.60,299.30,329.83,314.57,16.487,7.091,1796.46,1796.27,17600.0,6.225,2.400,-1.00,-17.21,-40.76,56.97
23.90,3251.65,101.61,1201.01,606.58,299.30,329.83,314.57,16.486,7.091,1796.48,1796.30,17600.0,6.226,2.400,-1.00,-17.16,-40.81,56.97
23.95,3251.49,101.61,1201.02,606.56,299.31,329.83,314.57,16.485,7.091,1796.50,1796.32,17600.0,6.227,2.400,-1.01,-17.11,-40.86,56.97
24.00,3251.34,101.60,1201.04,606.55,299.31,329.83,314.57,16.484,7.091,1796.51,1796.34,17600.0,6.228,2.400,-1.01,-17.07,-40.92,56.97
24.05,3251.19,101.60,1201.05,606.53,299.31,329.83,314.57,16.483,7.091,1796.53,1796.36,17600.0,6.229,2.400,-1.02,-17.02,-40.97,56.97
24.10,3251.04,101.60,1201.06,606.51,299.31,329.83,314.57,16.483,7.091,1796.55,1796.38,17600.0,6.230,2.400,-1.02,-16.97,-41.02,56.97
24.15,3250.89,101.59,1201.08,606.49,299.32,329.83,314.57,16.482,7.091,1796.57,1796.40,17600.0,6.231,2.400,-1.02,-16.93,-41.07,56.97
24.20,3250.74,101.59,1201.09,606.48,299.32,329.83,314.58,16.481,7.091,1796.59,1796.42,17600.0,6.232,2.400,-1.03,-16.88,-41.12,56.97
24.25,3250.60,101.58,1201.10,606.46,299.32,329.83,314.58,16.480,7.092,1796.61,1796.44,17600.0,6.233,2.400,-1.03,-16.84,-41.17,56.97
24.30,3250.45,101.58,1201.12,606.44,299.32,329.83,314.58,16.479,7.092,1796.62,1796.46,17600.0,6.234,2.400,-1.03,-16.79,-41.21,56.97
24.35,3250.31,101.57,1201.13,606.42,299.33,329.84,314.58,16.478,7.092,1796.64,1796.48,17600.0,6.235,2.400,-1.04,-16.75,-41.26,56.97
24.40,3250.17,101.57,1201.14,606.41,299.33,329.84,314.58,16.478,7.092,1796.66,1796.50,17600.0,6.236,2.400,-1.04,-16.70,-41.31,56.97
24.45,3250.03,101.56,1201.16,606.39,299.33,329.84,314.58,16.477,7.092,1796.67,1796.52,17600.0,6.237,2.400,-1.04,-16.66,-41.36,56.97
24.50,3249.89,101.56,1201.17,606.37,299.33,329.84,314.58,16.476,7.092,1796.69,1796.53,17600.0,6.238,2.400,-1.05,-16.61,-41.40,56.97
24.55,3249.75,101.55,1201.18,606.36,299.33,329.84,314.59,16.475,7.092,1796.71,1796.55,17600.0,6.239,2.400,-1.05,-16.57,-41.45,56.97
24.60,3249.62,101.55,1201.19,606.34,299.34,329.84,314.59,16.474,7.092,1796.72,1796.57,17600.0,6.240,2.400,-1.05,-16.53,-41.50,56.97
24.65,3249.48,101.55,1201.20,606.32,299.34,329.84,314.59,16.474,7.092,1796.74,1796.59,17600.0,6.241,2.400,-1.05,-16.48,-41.54,56.97
24.70,3249.35,101.54,1201.22,606.31,299.34,329.84,314.59,16.473,7.092,1796.76,1796.61,17600.0,6.242,2.400,-1.06,-16.44,-41.59,56.97
24.75,3249.21,101.54,1201.23,606.29,299.34,329.84,314.59,16.472,7.092,1796.77,1796.62,17600.0,6.243,2.400,-1.06,-16.40,-41.63,56.97
24.80,3249.08,101.53,1201.24,606.28,299.34,329.84,314.59,16.471,7.092,1796.79,1796.64,17600.0,6.244,2.400,-1.06,-16.36,-41.67,56.97
24.85,3248.95,101.53,1201.25,606.26,299.35,329.84,314.59,16.470,7.092,1796.80,1796.66,17600.0,6.245,2.400,-1.06,-16.32,-41.72,56.97
24.90,3248.82,101.53,1201.26,606.24,299.35,329.84,314.59,16.470,7.092,1796.82,1796.67,17600.0,6.246,2.400,-1.06,-16.27,-41.76,56.97
24.95,3248.70,101.52,1201.27,606.23,299.35,329.84,314.60,16.469,7.093,1796.83,1796.69,17600.0,6.246,2.400,-1.07,-16.23,-41.80,56.97
25.00,3248.57,101.52,1201.28,606.21,299.35,329.84,314.60,16.468,7.093,1796.85,1796.71,17600.0,6.247,2.400,-1.07,-16.19,-41.84,56.97
25.05,3248.45,101.51,1201.30,606.20,299.35,329.84,314.60,16.467,7.093,1796.86,1796.72,17600.0,6.248,2.400,-1.07,-16.15,-41.89,56.97
25.10,3248.32,101.51,1201.31,606.18,299.36,329.84,314.60,16.466,7.093,1796.88,1796.74,17600.0,6.249,2.400,-1.07,-16.11,-41.93,56.97
25.15,3248.20,101.51,1201.32,606.17,299.36,329.84,314.60,16.466,7.093,1796.89,1796.76,17600.0,6.250,2.400,-1.07,-16.07,-41.97,56.97
25.20,3248.08,101.50,1201.33,606.15,299.36,329.84,314.60,16.465,7.093,1796.91,1796.77,17600.0,6.251,2.400,-1.07,-16.03,-42.01,56.97
25.25,3247.96,101.50,1201.34,606.14,299.36,329.84,314.60,16.464,7.093,1796.92,1796.79,17600.0,6.252,2.400,-1.07,-16.00,-42.05,56.97
25.30,3247.84,101.49,1201.35,606.12,299.36,329.84,314.60,16.463,7.093,1796.93,1796.80,17600.0,6.252,2.400,-1.07,-15.96,-42.09,56.97
25.35,3247.72,101.49,1201.36,606.11,299.37,329.84,314.60,16.463,7.093,1796.95,1796.82,17600.0,6.253,2.400,-1.07,-15.92,-42.12,56.97
25.40,3247.60,101.49,1201.37,606.09,299.37,329.84,314.61,16.462,7.093,1796.96,1796.83,17600.0,6.254,2.400,-1.07,-15.88,-42.16,56.97
25.45,3247.49,101.48,1201.38,606.08,299.37,329.84,314.61,16.461,7.093,1796.97,1796.85,17600.0,6.255,2.400,-1.07,-15.84,-42.20,56.97
25.50,3247.37,101.48,1201.39,606.06,299.37,329.85,314.61,16.460,7.093,1796.99,1796.86,17600.0,6.256,2.400,-1.07,-15.81,-42.24,56.97
25.55,3247.26,101.48,1201.40,606.05,299.37,329.85,314.61,16.459,7.093,1797.00,1796.88,17600.0,6.257,2.400,-1.07,-15.77,-42.28,56.97
25.60,3247.14,101.47,1201.41,606.04,299.37,329.85,314.61,16.459,7.093,1797.01,1796.89,17600.0,6.257,2.400,-1.07,-15.73,-42.31,56.97
25.65,3247.03,101.47,1201.42,606.02,299.38,329.85,314.61,16.458,7.093,1797.02,1796.90,17600.0,6.258,2.400,-1.07,-15.70,-42.35,56.97
25.70,3246.92,101.47,1201.42,606.01,299.38,329.85,314.61,16.457,7.093,1797.04,1796.92,17600.0,6.259,2.400,-1.07,-15.66,-42.39,56.97
25.75,3246.81,101.46,1201.43,606.00,299.38,329.85,314.61,16.456,7.093,1797.05,1796.93,17600.0,6.260,2.400,-1.07,-15.62,-42.42,56.97
25.80,3246.71,101.46,1201.44,605.98,299.38,329.85,314.61,16.456,7.094,1797.06,1796.95,17600.0,6.260,2.400,-1.07,-15.59,-42.46,56.97
25.85,3246.60,101.46,1201.45,605.97,299.38,329.85,314.61,16.455,7.094,1797.07,1796.96,17600.0,6.261,2.400,-1.07,-15.55,-42.49,56.97
25.90,3246.49,101.45,1201.46,605.96,299.38,329.85,314.62,16.454,7.094,1797.08,1796.97,17600.0,6.262,2.400,-1.07,-15.52,-42.52,56.97
25.95,3246.39,101.45,1201.47,605.94,299.39,329.85,314.62,16.453,7.094,1797.10,1796.99,17600.0,6.263,2.400,-1.07,-15.48,-42.56,56.97
26.00,3246.28,101.45,1201.48,605.93,299.39,329.85,314.62,16.453,7.094,1797.11,1797.00,17600.0,6.264,2.400,-1.07,-15.45,-42.59,56.97
26.05,3246.18,101.44,1201.49,605.92,299.39,329.85,314.62,16.452,7.094,1797.12,1797.01,17600.0,6.264,2.400,-1.07,-15.42,-42.63,56.97
26.10,3246.08,101.44,1201.49,605.90,299.39,329.85,314.62,16.451,7.094,1797.13,1797.02,17600.0,6.265,2.400,-1.07,-15.38,-42.66,56.97
26.15,3245.98,101.44,1201.50,605.89,299.39,329.85,314.62,16.450,7.094,1797.14,1797.04,17600.0,6.266,2.400,-1.07,-15.35,-42.69,56.97
26.20,3245.88,101.43,1201.51,605.88,299.39,329.85,314.62,16.450,7.094,1797.15,1797.05,17600.0,6.266,2.400,-1.07,-15.32,-42.72,56.97
26.25,3245.78,101.43,1201.52,605.87,299.39,329.85,314.62,16.449,7.094,1797.16,1797.06,17600.0,6.267,2.400,-1.07,-15.28,-42.76,56.97
26.30,3245.68,101.43,1201.53,605.85,299.40,329.85,314.62,16.448,7.094,1797.17,1797.07,17600.0,6.268,2.400,-1.07,-15.25,-42.79,56.97
26.35,3245.58,101.42,1201.54,605.84,299.40,329.85,314.62,16.448,7.094,1797.18,1797.08,17600.0,6.269,2.400,-1.06,-15.22,-42.82,56.97
26.40,3245.49,101.42,1201.54,605.83,299.40,329.85,314.63,16.447,7.094,1797.19,1797.10,17600.0,6.269,2.400,-1.06,-15.19,-42.85,56.97
26.45,3245.39,101.42,1201.55,605.82,299.40,329.85,314.63,16.446,7.094,1797.20,1797.11,17600.0,6.270,2.400,-1.06,-15.15,-42.88,56.97
26.50,3245.30,101.42,1201.56,605.80,299.40,329.85,314.63,16.445,7.094,1797.21,1797.12,17600.0,6.271,2.400,-1.06,-15.12,-42.91,56.97
26.55,3245.20,101.41,1201.57,605.79,299.40,329.85,314.63,16.445,7.094,1797.22,1797.13,17600.0,6.271,2.400,-1.06,-15.09,-42.94,56.97
26.60,3245.11,101.41,1201.57,605.78,299.40,329.85,314.63,16.444,7.094,1797.23,1797.14,17600.0,6.272,2.400,-1.06,-15.06,-42.97,56.97
26.65,3245.02,101.41,1201.58,605.77,299.41,329.85,314.63,16.443,7.094,1797.24,1797.15,17600.0,6.273,2.400,-1.06,-15.03,-43.00,56.97
26.70,3244.93,101.40,1201.59,605.76,299.41,329.85,314.63,16.443,7.094,1797.25,1797.16,17600.0,6.273,2.400,-1.05,-15.00,-43.03,56.97
26.75,3244.84,101.40,1201.59,605.75,299.41,329.85,314.63,16.442,7.094,1797.26,1797.17,17600.0,6.274,2.400,-1.05,-14.97,-43.05,56.97
26.80,3244.75,101.40,1201.60,605.73,299.41,329.85,314.63,16.441,7.094,1797.27,1797.18,17600.0,6.275,2.400,-1.05,-14.94,-43.08,56.97
26.85,3244.66,101.40,1201.61,605.72,299.41,329.85,314.63,16.440,7.095,1797.28,1797.19,17600.0,6.275,2.400,-1.05,-14.91,-43.11,56.97
26.90,3244.58,101.39,1201.61,605.71,299.41,329.85,314.63,16.440,7.095,1797.29,1797.20,17600.0,6.276,2.400,-1.05,-14.88,-43.14,56.97
26.95,3244.49,101.39,1201.62,605.70,299.41,329.85,314.63,16.439,7.095,1797.30,1797.21,17600.0,6.276,2.400,-1.04,-14.85,-43.16,56.97
27.00,3244.41,101.39,1201.63,605.69,299.42,329.85,314.63,16.438,7.095,1797.31,1797.22,17600.0,6.277,2.400,-1.04,-14.82,-43.19,56.97
27.05,3244.32,101.39,1201.63,605.68,299.42,329.85,314.64,16.438,7.095,1797.31,1797.23,17600.0,6.278,2.400,-1.04,-14.79,-43.22,56.97
27.10,3244.24,101.38,1201.64,605.67,299.42,329.85,314.64,16.437,7.095,1797.32,1797.24,17600.0,6.278,2.400,-1.04,-14.76,-43.24,56.97
27.15,3244.16,101.38,1201.65,605.66,299.42,329.85,314.64,16.436,7.095,1797.33,1797.25,17600.0,6.279,2.400,-1.03,-14.74,-43.27,56.97
27.20,3244.07,101.38,1201.65,605.65,299.42,329.85,314.64,16.436,7.095,1797.34,1797.26,17600.0,6.280,2.400,-1.03,-14.71,-43.29,56.97
27.25,3243.99,101.37,1201.66,605.64,299.42,329.86,314.64,16.435,7.095,1797.35,1797.27,17600.0,6.280,2.400,-1.03,-14.68,-43.32,56.97
27.30,3243.91,101.37,1201.67,605.63,299.42,329.86,314.64,16.434,7.095,1797.36,1797.28,17600.0,6.281,2.400,-1.03,-14.65,-43.34,56.97
27.35,3243.83,101.37,1201.67,605.62,299.42,329.86,314.64,16.434,7.095,1797.36,1797.29,17600.0,6.281,2.400,-1.03,-14.63,-43.37,56.97
27.40,3243.76,101.37,1201.68,605.60,299.43,329.86,314.64,16.433,7.095,1797.37,1797.30,17600.0,6.282,2.400,-1.02,-14.60,-43.39,56.97
27.45,3243.68,101.36,1201.68,605.59,299.43,329.86,314.64,16.432,7.095,1797.38,1797.31,17600.0,6.282,2.400,-1.02,-14.57,-43.42,56.97
27.50,3243.60,101.36,1201.69,605.58,299.43,329.86,314.64,16.432,7.095,1797.39,1797.31,17600.0,6.283,2.400,-1.02,-14.55,-43.44,56.97
27.55,3243.53,101.36,1201.69,605.57,299.43,329.86,314.64,16.431,7.095,1797.39,1797.32,17600.0,6.284,2.400,-1.01,-14.52,-43.47,56.97
27.60,3243.45,101.36,1201.70,605.56,299.43,329.86,314.64,16.430,7.095,1797.40,1797.33,17600.0,6.284,2.400,-1.01,-14.49,-43.49,56.97
27.65,3243.38,101.36,1201.71,605.55,299.43,329.86,314.64,16.430,7.095,1797.41,1797.34,17600.0,6.285,2.400,-1.01,-14.47,-43.51,56.97
27.70,3243.30,101.35,1201.71,605.55,299.43,329.86,314.64,16.429,7.095,1797.42,1797.35,17600.0,6.285,2.400,-1.01,-14.44,-43.53,56.97
27.75,3243.23,101.35,1201.72,605.54,299.43,329.86,314.65,16.429,7.095,1797.42,1797.35,17600.0,6.286,2.400,-1.00,-14.42,-43.56,56.97
27.80,3243.16,101.35,1201.72,605.53,299.43,329.86,314.65,16.428,7.095,1797.43,1797.36,17600.0,6.286,2.400,-1.00,-14.39,-43.58,56.97
27.85,3243.09,101.35,1201.73,605.52,299.44,329.86,314.65,16.427,7.095,1797.44,1797.37,17600.0,6.287,2.400,-1.00,-14.37,-43.60,56.97
27.90,3243.02,101.34,1201.73,605.51,299.44,329.86,314.65,16.427,7.095,1797.44,1797.38,17600.0,6.287,2.400,-0.99,-14.34,-43.62,56.97
27.95,3242.95,101.34,1201.74,605.50,299.44,329.86,314.65,16.426,7.095,1797.45,1797.39,17600.0,6.288,2.400,-0.99,-14.32,-43.64,56.97
28.00,3242.88,101.34,1201.74,605.49,299.44,329.86,314.65,16.425,7.095,1797.46,1797.39,17600.0,6.288,2.400,-0.99,-14.29,-43.66,56.97
28.05,3242.81,101.34,1201.75,605.48,299.44,329.86,314.65,16.425,7.095,1797.46,1797.40,17600.0,6.289,2.400,-0.99,-14.27,-43.68,56.97
28.10,3242.74,101.34,1201.75,605.47,299.44,329.86,314.65,16.424,7.095,1797.47,1797.41,17600.0,6.289,2.400,-0.98,-14.25,-43.71,56.97
28.15,3242.67,101.33,1201.76,605.46,299.44,329.86,314.65,16.424,7.095,1797.47,1797.41,17600.0,6.290,2.400,-0.98,-14.22,-43.73,56.97
28.20,3242.61,101.33,1201.76,605.45,299.44,329.86,314.65,16.423,7.095,1797.48,1797.42,17600.0,6.290,2.400,-0.98,-14.20,-43.75,56.97
28.25,3242.54,101.33,1201.77,605.44,299.44,329.86,314.65,16.422,7.095,1797.49,1797.43,17600.0,6.291,2.400,-0.97,-14.18,-43.77,56.97
28.30,3242.48,101.33,1201.77,605.44,299.44,329.86,314.65,16.422,7.095,1797.49,1797.44,17600.0,6.291,2.400,-0.97,-14.15,-43.79,56.97
28.35,3242.41,101.33,1201.77,605.43,299.45,329.86,314.65,16.421,7.096,1797.50,1797.44,17600.0,6.292,2.400,-0.97,-14.13,-43.80,56.97
28.40,3242.35,101.32,1201.78,605.42,299.45,329.86,314.65,16.421,7.096,1797.50,1797.45,17600.0,6.292,2.400,-0.96,-14.11,-43.82,56.97
28.45,3242.29,101.32,1201.78,605.41,299.45,329.86,314.65,16.420,7.096,1797.51,1797.46,17600.0,6.293,2.400,-0.96,-14.09,-43.84,56.97
28.50,3242.22,101.32,1201.79,605.40,299.45,329.86,314.65,16.419,7.096,1797.52,1797.46,17600.0,6.293,2.400,-0.96,-14.07,-43.86,56.97
28.55,3242.16,101.32,1201.79,605.39,299.45,329.86,314.65,16.419,7.096,1797.52,1797.47,17600.0,6.294,2.400,-0.95,-14.04,-43.88,56.97
28.60,3242.10,101.32,1201.80,605.38,299.45,329.86,314.65,16.418,7.096,1797.53,1797.47,17600.0,6.294,2.400,-0.95,-14.02,-43.90,56.97
28.65,3242.04,101.31,1201.80,605.38,299.45,329.86,314.66,16.418,7.096,1797.53,1797.48,17600.0,6.295,2.400,-0.95,-14.00,-43.92,56.97
28.70,3241.98,101.31,1201.80,605.37,299.45,329.86,314.66,16.417,7.096,1797.54,1797.49,17600.0,6.295,2.400,-0.94,-13.98,-43.93,56.97
28.75,3241.92,101.31,1201.81,605.36,299.45,329.86,314.66,16.417,7.096,1797.54,1797.49,17600.0,6.296,2.400,-0.94,-13.96,-43.95,56.97
28.80,3241.86,101.31,1201.81,605.35,299.45,329.86,314.66,16.416,7.096,1797.55,1797.50,17600.0,6.296,2.400,-0.93,-13.94,-43.97,56.97
28.85,3241.81,101.31,1201.82,605.34,299.45,329.86,314.66,16.415,7.096,1797.55,1797.50,17600.0,6.296,2.400,-0.93,-13.92,-43.98,56.97
28.90,3241.75,101.30,1201.82,605.34,299.46,329.86,314.66,16.415,7.096,1797.56,1797.51,17600.0,6.297,2.400,-0.93,-13.90,-44.00,56.97
28.95,3241.69,101.30,1201.82,605.33,299.46,329.86,314.66,16.414,7.096,1797.56,1797.51,17600.0,6.297,2.400,-0.92,-13.88,-44.02,56.97
29.00,3241.64,101.30,1201.83,605.32,299.46,329.86,314.66,16.414,7.096,1797.57,1797.52,17600.0,6.298,2.400,-0.92,-13.86,-44.03,56.97
29.05,3241.58,101.30,1201.83,605.31,299.46,329.86,314.66,16.413,7.096,1797.57,1797.53,17600.0,6.298,2.400,-0.92,-13.84,-44.05,56.97
29.10,3241.53,101.30,1201.83,605.31,299.46,329.86,314.66,16.413,7.096,1797.58,1797.53,17600.0,6.299,2.400,-0.91,-13.82,-44.07,56.97
29.15,3241.47,101.30,1201.84,605.30,299.46,329.86,314.66,16.412,7.096,1797.58,1797.54,17600.0,6.299,2.400,-0.91,-13.80,-44.08,56.97
29.20,3241.42,101.29,1201.84,605.29,299.46,329.86,314.66,16.412,7.096,1797.58,1797.54,17600.0,6.299,2.400,-0.90,-13.78,-44.10,56.97
29.25,3241.37,101.29,1201.84,605.28,299.46,329.86,314.66,16.411,7.096,1797.59,1797.55,17600.0,6.300,2.400,-0.90,-13.76,-44.11,56.97
29.30,3241.32,101.29,1201.85,605.28,299.46,329.86,314.66,16.411,7.096,1797.59,1797.55,17600.0,6.300,2.400,-0.90,-13.74,-44.13,56.97
29.35,3241.26,101.29,1201.85,605.27,299.46,329.86,314.66,16.410,7.096,1797.60,1797.56,17600.0,6.301,2.400,-0.89,-13.72,-44.14,56.97
29.40,3241.21,101.29,1201.85,605.26,299.46,329.86,314.66,16.410,7.096,1797.60,1797.56,17600.0,6.301,2.400,-0.89,-13.70,-44.16,56.97
29.45,3241.16,101.29,1201.86,605.26,299.46,329.86,314.66,16.409,7.096,1797.61,1797.57,17600.0,6.301,2.400,-0.89,-13.68,-44.17,56.97
29.50,3241.11,101.28,1201.86,605.25,299.46,329.86,314.66,16.408,7.096,1797.61,1797.57,17600.0,6.302,2.400,-0.88,-13.67,-44.19,56.97
29.55,3241.06,101.28,1201.86,605.24,299.47,329.86,314.66,16.408,7.096,1797.61,1797.58,17600.0,6.302,2.400,-0.88,-13.65,-44.20,56.97
29.60,3241.02,101.28,1201.87,605.24,299.47,329.86,314.66,16.407,7.096,1797.62,1797.58,17600.0,6.303,2.400,-0.87,-13.63,-44.21,56.97
29.65,3240.97,101.28,1201.87,605.23,299.47,329.86,314.66,16.407,7.096,1797.62,1797.58,17600.0,6.303,2.400,-0.87,-13.61,-44.23,56.97
29.70,3240.92,101.28,1201.87,605.22,299.47,329.86,314.66,16.406,7.096,1797.63,1797.59,17600.0,6.303,2.400,-0.87,-13.60,-44.24,56.97
29.75,3240.87,101.28,1201.88,605.22,299.47,329.86,314.66,16.406,7.096,1797.63,1797.59,17600.0,6.304,2.400,-0.86,-13.58,-44.25,56.97
29.80,3240.83,101.28,1201.88,605.21,299.47,329.86,314.67,16.405,7.096,1797.63,1797.60,17600.0,6.304,2.400,-0.86,-13.56,-44.27,56.97
29.85,3240.78,101.27,1201.88,605.20,299.47,329.86,314.67,16.405,7.096,1797.64,1797.60,17600.0,6.304,2.400,-0.85,-13.54,-44.28,56.97
29.90,3240.73,101.27,1201.88,605.20,299.47,329.86,314.67,16.404,7.096,1797.64,1797.61,17600.0,6.305,2.400,-0.85,-13.53,-44.29,56.97
29.95,3240.69,101.27,1201.89,605.19,299.47,329.86,314.67,16.404,7.096,1797.64,1797.61,17600.0,6.305,2.400,-0.85,-13.51,-44.31,56.97
30.00,3240.64,101.27,1201.89,605.18,299.47,329.86,314.67,16.403,7.096,1797.65,1797.61,17600.0,6.305,2.400,-0.84,-13.49,-44.32,56.97
30.05,3240.60,101.27,1201.89,605.18,299.47,329.86,314.67,16.403,7.096,1797.65,1797.62,17600.0,6.306,2.400,-0.84,-13.48,-44.33,56.97
30.10,3240.56,101.27,1201.89,605.17,299.47,329.86,314.67,16.403,7.096,1797.65,1797.62,17600.0,6.306,2.400,-0.83,-13.46,-44.34,56.97
30.15,3240.51,101.27,1201.90,605.17,299.47,329.86,314.67,16.402,7.096,1797.66,1797.62,17600.0,6.306,2.400,-0.83,-13.45,-44.36,56.97
30.20,3240.47,101.26,1201.90,605.16,299.47,329.86,314.67,16.402,7.096,1797.66,1797.63,17600.0,6.307,2.400,-0.83,-13.43,-44.37,56.97
30.25,3240.43,101.26,1201.90,605.15,299.47,329.86,314.67,16.401,7.096,1797.66,1797.63,17600.0,6.307,2.400,-0.82,-13.41,-44.38,56.97
30.30,3240.39,101.26,1201.90,605.15,299.48,329.86,314.67,16.401,7.096,1797.67,1797.64,17600.0,6.307,2.400,-0.82,-13.40,-44.39,56.97
30.35,3240.35,101.26,1201.91,605.14,299.48,329.86,314.67,16.400,7.096,1797.67,1797.64,17600.0,6.308,2.400,-0.81,-13.38,-44.40,56.97
30.40,3240.31,101.26,1201.91,605.14,299.48,329.86,314.67,16.400,7.096,1797.67,1797.64,17600.0,6.308,2.400,-0.81,-13.37,-44.41,56.97
30.45,3240.27,101.26,1201.91,605.13,299.48,329.86,314.67,16.399,7.096,1797.67,1797.65,17600.0,6.308,2.400,-0.81,-13.35,-44.42,56.97
30.50,3240.23,101.26,1201.91,605.12,299.48,329.86,314.67,16.399,7.096,1797.68,1797.65,17600.0,6.309,2.400,-0.80,-13.34,-44.43,56.97
30.55,3240.19,101.26,1201.92,605.12,299.48,329.86,314.67,16.398,7.096,1797.68,1797.65,17600.0,6.309,2.400,-0.80,-13.32,-44.45,56.97
30.60,3240.15,101.25,1201.92,605.11,299.48,329.86,314.67,16.398,7.096,1797.68,1797.66,17600.0,6.309,2.400,-0.79,-13.31,-44.46,56.97
30.65,3240.11,101.25,1201.92,605.11,299.48,329.86,314.67,16.397,7.096,1797.68,1797.66,17600.0,6.310,2.400,-0.79,-13.29,-44.47,56.97
30.70,3240.07,101.25,1201.92,605.10,299.48,329.86,314.67,16.397,7.096,1797.69,1797.66,17600.0,6.310,2.400,-0.79,-13.28,-44.48,56.97
30.75,3240.03,101.25,1201.92,605.10,299.48,329.86,314.67,16.397,7.096,1797.69,1797.66,17600.0,6.310,2.400,-0.78,-13.27,-44.49,56.97
30.80,3240.00,101.25,1201.93,605.09,299.48,329.86,314.67,16.396,7.096,1797.69,1797.67,17600.0,6.310,2.400,-0.78,-13.25,-44.50,56.97
30.85,3239.96,101.25,1201.93,605.09,299.48,329.86,314.67,16.396,7.096,1797.69,1797.67,17600.0,6.311,2.400,-0.77,-13.24,-44.51,56.97
30.90,3239.92,101.25,1201.93,605.08,299.48,329.86,314.67,16.395,7.096,1797.70,1797.67,17600.0,6.311,2.400,-0.77,-13.22,-44.52,56.97
30.95,3239.89,101.25,1201.93,605.08,299.48,329.86,314.67,16.395,7.096,1797.70,1797.68,17600.0,6.311,2.400,-0.77,-13.21,-44.53,56.97
31.00,3239.85,101.25,1201.93,605.07,299.48,329.86,314.67,16.394,7.096,1797.70,1797.68,17600.0,6.312,2.400,-0.76,-13.20,-44.54,56.97
31.05,3239.82,101.24,1201.93,605.07,299.48,329.86,314.67,16.394,7.096,1797.70,1797.68,17600.0,6.312,2.400,-0.76,-13.18,-44.54,56.97
31.10,3239.78,101.24,1201.94,605.06,299.48,329.86,314.67,16.394,7.096,1797.71,1797.68,17600.0,6.312,2.400,-0.75,-13.17,-44.55,56.97
31.15,3239.75,101.24,1201.94,605.06,299.48,329.86,314.67,16.393,7.096,1797.71,1797.69,17600.0,6.312,2.400,-0.75,-13.16,-44.56,56.97
31.20,3239.72,101.24,1201.94,605.05,299.49,329.86,314.67,16.393,7.096,1797.71,1797.69,17600.0,6.313,2.400,-0.74,-13.14,-44.57,56.97
31.25,3239.68,101.24,1201.94,605.05,299.49,329.86,314.67,16.392,7.096,1797.71,1797.69,17600.0,6.313,2.400,-0.74,-13.13,-44.58,56.97
31.30,3239.65,101.24,1201.94,605.04,299.49,329.86,314.67,16.392,7.096,1797.71,1797.69,17600.0,6.313,2.400,-0.74,-13.12,-44.59,56.97
31.35,3239.62,101.24,1201.94,605.04,299.49,329.86,314.67,16.392,7.097,1797.72,1797.70,17600.0,6.313,2.400,-0.73,-13.11,-44.60,56.97
31.40,3239.59,101.24,1201.95,605.03,299.49,329.86,314.67,16.391,7.097,1797.72,1797.70,17600.0,6.314,2.400,-0.73,-13.09,-44.61,56.97
31.45,3239.55,101.24,1201.95,605.03,299.49,329.86,314.67,16.391,7.097,1797.72,1797.70,17600.0,6.314,2.400,-0.72,-13.08,-44.61,56.97
31.50,3239.52,101.24,1201.95,605.02,299.49,329.86,314.68,16.390,7.097,1797.72,1797.70,17600.0,6.314,2.400,-0.72,-13.07,-44.62,56.97
31.55,3239.49,101.23,1201.95,605.02,299.49,329.86,314.68,16.390,7.097,1797.72,1797.71,17600.0,6.314,2.400,-0.72,-13.06,-44.63,56.97
31.60,3239.46,101.23,1201.95,605.01,299.49,329.86,314.68,16.390,7.097,1797.73,1797.71,17600.0,6.315,2.400,-0.71,-13.04,-44.64,56.97
31.65,3239.43,101.23,1201.95,605.01,299.49,329.86,314.68,16.389,7.097,1797.73,1797.71,17600.0,6.315,2.400,-0.71,-13.03,-44.65,56.97
31.70,3239.40,101.23,1201.95,605.00,299.49,329.86,314.68,16.389,7.097,1797.73,1797.71,17600.0,6.315,2.400,-0.70,-13.02,-44.65,56.97
31.75,3239.37,101.23,1201.96,605.00,299.49,329.86,314.68,16.388,7.097,1797.73,1797.71,17600.0,6.315,2.400,-0.70,-13.01,-44.66,56.97
31.80,3239.34,101.23,1201.96,605.00,299.49,329.86,314.68,16.388,7.097,1797.73,1797.72,17600.0,6.316,2.400,-0.70,-13.00,-44.67,56.97
31.85,3239.31,101.23,1201.96,604.99,299.49,329.86,314.68,16.388,7.097,1797.73,1797.72,17600.0,6.316,2.400,-0.69,-12.99,-44.67,56.97
31.90,3239.29,101.23,1201.96,604.99,299.49,329.86,314.68,16.387,7.097,1797.73,1797.72,17600.0,6.316,2.400,-0.69,-12.98,-44.68,56.97
31.95,3239.26,101.23,1201.96,604.98,299.49,329.86,314.68,16.387,7.097,1797.74,1797.72,17600.0,6.316,2.400,-0.68,-12.96,-44.69,56.97
32.00,3239.23,101.23,1201.96,604.98,299.49,329.86,314.68,16.387,7.097,1797.74,1797.72,17600.0,6.317,2.400,-0.68,-12.95,-44.70,56.97
32.05,3239.20,101.23,1201.96,604.97,299.49,329.86,314.68,16.386,7.097,1797.74,1797.72,17600.0,6.317,2.400,-0.67,-12.94,-44.70,56.97
32.10,3239.18,101.22,1201.96,604.97,299.49,329.86,314.68,16.386,7.097,1797.74,1797.73,17600.0,6.317,2.400,-0.67,-12.93,-44.71,56.97
32.15,3239.15,101.22,1201.97,604.97,299.49,329.86,314.68,16.386,7.097,1797.74,1797.73,17600.0,6.317,2.400,-0.67,-12.92,-44.72,56.97
32.20,3239.12,101.22,1201.97,604.96,299.49,329.86,314.68,16.385,7.097,1797.74,1797.73,17600.0,6.317,2.400,-0.66,-12.91,-44.72,56.97
32.25,3239.10,101.22,1201.97,604.96,299.49,329.86,314.68,16.385,7.097,1797.74,1797.73,17600.0,6.318,2.400,-0.66,-12.90,-44.73,56.97
32.30,3239.07,101.22,1201.97,604.95,299.49,329.86,314.68,16.384,7.097,1797.75,1797.73,17600.0,6.318,2.400,-0.65,-12.89,-44.73,56.97
32.35,3239.05,101.22,1201.97,604.95,299.49,329.86,314.68,16.384,7.097,1797.75,1797.73,17600.0,6.318,2.400,-0.65,-12.88,-44.74,56.97
32.40,3239.02,101.22,1201.97,604.95,299.50,329.86,314.68,16.384,7.097,1797.75,1797.74,17600.0,6.318,2.400,-0.65,-12.87,-44.75,56.97
32.45,3239.00,101.22,1201.97,604.94,299.50,329.86,314.68,16.383,7.097,1797.75,1797.74,17600.0,6.318,2.400,-0.64,-12.86,-44.75,56.97
32.50,3238.97,101.22,1201.97,604.94,299.50,329.86,314.68,16.383,7.097,1797.75,1797.74,17600.0,6.319,2.400,-0.64,-12.85,-44.76,56.97
32.55,3238.95,101.22,1201.97,604.94,299.50,329.86,314.68,16.383,7.097,1797.75,1797.74,17600.0,6.319,2.400,-0.63,-12.84,-44.76,56.97
32.60,3238.92,101.22,1201.97,604.93,299.50,329.86,314.68,16.382,7.097,1797.75,1797.74,17600.0,6.319,2.400,-0.63,-12.83,-44.77,56.97
32.65,3238.90,101.22,1201.98,604.93,299.50,329.86,314.68,16.382,7.097,1797.75,1797.74,17600.0,6.319,2.400,-0.63,-12.82,-44.78,56.97
32.70,3238.88,101.21,1201.98,604.92,299.50,329.86,314.68,16.382,7.097,1797.75,1797.74,17600.0,6.319,2.400,-0.62,-12.81,-44.78,56.97
32.75,3238.86,101.21,1201.98,604.92,299.50,329.86,314.68,16.381,7.097,1797.75,1797.74,17600.0,6.320,2.400,-0.62,-12.80,-44.79,56.97
32.80,3238.83,101.21,1201.98,604.92,299.50,329.86,314.68,16.381,7.097,1797.76,1797.75,17600.0,6.320,2.400,-0.61,-12.79,-44.79,56.97
32.85,3238.81,101.21,1201.98,604.91,299.50,329.86,314.68,16.381,7.097,1797.76,1797.75,17600.0,6.320,2.400,-0.61,-12.78,-44.80,56.97
32.90,3238.79,101.21,1201.98,604.91,299.50,329.86,314.68,16.380,7.097,1797.76,1797.75,17600.0,6.320,2.400,-0.61,-12.78,-44.80,56.97
32.95,3238.77,101.21,1201.98,604.91,299.50,329.86,314.68,16.380,7.097,1797.76,1797.75,17600.0,6.320,2.400,-0.60,-12.77,-44.81,56.97
33.00,3238.75,101.21,1201.98,604.90,299.50,329.86,314.68,16.380,7.097,1797.76,1797.75,17600.0,6.321,2.400,-0.60,-12.76,-44.81,56.97
33.05,3238.72,101.21,1201.98,604.90,299.50,329.86,314.68,16.380,7.097,1797.76,1797.75,17600.0,6.321,2.400,-0.59,-12.75,-44.82,56.97
33.10,3238.70,101.21,1201.98,604.90,299.50,329.86,314.68,16.379,7.097,1797.76,1797.75,17600.0,6.321,2.400,-0.59,-12.74,-44.82,56.97
33.15,3238.68,101.21,1201.98,604.89,299.50,329.86,314.68,16.379,7.097,1797.76,1797.75,17600.0,6.321,2.400,-0.59,-12.73,-44.83,56.97
33.20,3238.66,101.21,1201.98,604.89,299.50,329.86,314.68,16.379,7.097,1797.76,1797.75,17600.0,6.321,2.400,-0.58,-12.72,-44.83,56.97
33.25,3238.64,101.21,1201.98,604.89,299.50,329.86,314.68,16.378,7.097,1797.76,1797.75,17600.0,6.321,2.400,-0.58,-12.71,-44.84,56.97
33.30,3238.62,101.21,1201.98,604.88,299.50,329.86,314.68,16.378,7.097,1797.76,1797.76,17600.0,6.322,2.400,-0.58,-12.71,-44.84,56.97
33.35,3238.60,101.21,1201.98,604.88,299.50,329.86,314.68,16.378,7.097,1797.76,1797.76,17600.0,6.322,2.400,-0.57,-12.70,-44.84,56.97
33.40,3238.58,101.21,1201.99,604.88,299.50,329.86,314.68,16.377,7.097,1797.76,1797.76,17600.0,6.322,2.400,-0.57,-12.69,-44.85,56.97
33.45,3238.57,101.21,1201.99,604.87,299.50,329.86,314.68,16.377,7.097,1797.76,1797.76,17600.0,6.322,2.400,-0.56,-12.68,-44.85,56.97
33.50,3238.55,101.20,1201.99,604.87,299.50,329.86,314.68,16.377,7.097,1797.76,1797.76,17600.0,6.322,2.400,-0.56,-12.67,-44.86,56.97
33.55,3238.53,101.20,1201.99,604.87,299.50,329.86,314.68,16.377,7.097,1797.77,1797.76,17600.0,6.322,2.400,-0.56,-12.67,-44.86,56.97
33.60,3238.51,101.20,1201.99,604.87,299.50,329.86,314.68,16.376,7.097,1797.77,1797.76,17600.0,6.322,2.400,-0.55,-12.66,-44.86,56.97
33.65,3238.49,101.20,1201.99,604.86,299.50,329.86,314.68,16.376,7.097,1797.77,1797.76,17600.0,6.323,2.400,-0.55,-12.65,-44.87,56.97
33.70,3238.47,101.20,1201.99,604.86,299.50,329.86,314.68,16.376,7.097,1797.77,1797.76,17600.0,6.323,2.400,-0.54,-12.64,-44.87,56.97
33.75,3238.46,101.20,1201.99,604.86,299.50,329.86,314.68,16.375,7.097,1797.77,1797.76,17600.0,6.323,2.400,-0.54,-12.64,-44.88,56.97
33.80,3238.44,101.20,1201.99,604.85,299.50,329.86,314.68,16.375,7.097,1797.77,1797.76,17600.0,6.323,2.400,-0.54,-12.63,-44.88,56.97
33.85,3238.42,101.20,1201.99,604.85,299.50,329.86,314.68,16.375,7.097,1797.77,1797.76,17600.0,6.323,2.400,-0.53,-12.62,-44.88,56.97
33.90,3238.41,101.20,1201.99,604.85,299.50,329.86,314.68,16.375,7.097,1797.77,1797.76,17600.0,6.323,2.400,-0.53,-12.61,-44.89,56.97
33.95,3238.39,101.20,1201.99,604.85,299.50,329.86,314.68,16.374,7.097,1797.77,1797.76,17600.0,6.324,2.400,-0.53,-12.61,-44.89,56.97
34.00,3238.37,101.20,1201.99,604.84,299.50,329.86,314.68,16.374,7.097,1797.77,1797.76,17600.0,6.324,2.400,-0.52,-12.60,-44.89,56.97
34.05,3238.36,101.20,1201.99,604.84,299.50,329.86,314.68,16.374,7.097,1797.77,1797.76,17600.0,6.324,2.400,-0.52,-12.59,-44.90,56.97
34.10,3238.34,101.20,1201.99,604.84,299.50,329.86,314.68,16.374,7.097,1797.77,1797.77,17600.0,6.324,2.400,-0.51,-12.59,-44.90,56.97
34.15,3238.32,101.20,1201.99,604.84,299.50,329.86,314.68,16.373,7.097,1797.77,1797.77,17600.0,6.324,2.400,-0.51,-12.58,-44.90,56.97
34.20,3238.31,101.20,1201.99,604.83,299.50,329.86,314.68,16.373,7.097,1797.77,1797.77,17600.0,6.324,2.400,-0.51,-12.57,-44.91,56.97
34.25,3238.29,101.20,1201.99,604.83,299.50,329.86,314.68,16.373,7.097,1797.77,1797.77,17600.0,6.324,2.400,-0.50,-12.57,-44.91,56.97
34.30,3238.28,101.20,1201.99,604.83,299.51,329.86,314.68,16.373,7.097,1797.77,1797.77,17600.0,6.324,2.400,-0.50,-12.56,-44.91,56.97
34.35,3238.26,101.20,1201.99,604.83,299.51,329.86,314.68,16.372,7.097,1797.77,1797.77,17600.0,6.325,2.400,-0.50,-12.55,-44.91,56.97
34.40,3238.25,101.20,1201.99,604.82,299.51,329.86,314.68,16.372,7.097,1797.77,1797.77,17600.0,6.325,2.400,-0.49,-12.55,-44.92,56.97
34.45,3238.24,101.19,1201.99,604.82,299.51,329.86,314.68,16.372,7.097,1797.77,1797.77,17600.0,6.325,2.400,-0.49,-12.54,-44.92,56.97
34.50,3238.22,101.19,1201.99,604.82,299.51,329.86,314.68,16.372,7.097,1797.77,1797.77,17600.0,6.325,2.400,-0.49,-12.53,-44.92,56.97
34.55,3238.21,101.19,1201.99,604.82,299.51,329.86,314.68,16.371,7.097,1797.77,1797.77,17600.0,6.325,2.400,-0.48,-12.53,-44.93,56.97
34.60,3238.19,101.19,1201.99,604.81,299.51,329.86,314.68,16.371,7.097,1797.77,1797.77,17600.0,6.325,2.400,-0.48,-12.52,-44.93,56.97
34.65,3238.18,101.19,1201.99,604.81,299.51,329.86,314.68,16.371,7.097,1797.77,1797.77,17600.0,6.325,2.400,-0.47,-12.52,-44.93,56.97
34.70,3238.17,101.19,1201.99,604.81,299.51,329.86,314.68,16.371,7.097,1797.77,1797.77,17600.0,6.325,2.400,-0.47,-12.51,-44.93,56.97
34.75,3238.15,101.19,1201.99,604.81,299.51,329.86,314.68,16.370,7.097,1797.77,1797.77,17600.0,6.326,2.400,-0.47,-12.50,-44.93,56.97
34.80,3238.14,101.19,1201.99,604.80,299.51,329.86,314.68,16.370,7.097,1797.77,1797.77,17600.0,6.326,2.400,-0.46,-12.50,-44.94,56.97
34.85,3238.13,101.19,1201.99,604.80,299.51,329.86,314.68,16.370,7.097,1797.77,1797.77,17600.0,6.326,2.400,-0.46,-12.49,-44.94,56.97
34.90,3238.11,101.19,1201.99,604.80,299.51,329.86,314.68,16.370,7.097,1797.77,1797.77,17600.0,6.326,2.400,-0.46,-12.49,-44.94,56.97
34.95,3238.10,101.19,1201.99,604.80,299.51,329.86,314.68,16.369,7.097,1797.77,1797.77,17600.0,6.326,2.400,-0.45,-12.48,-44.94,56.97
35.00,3238.09,101.19,1201.99,604.80,299.51,329.86,314.68,16.369,7.097,1797.77,1797.77,17600.0,6.326,2.400,-0.45,-12.47,-44.95,56.97
35.05,3238.08,101.19,1201.99,604.79,299.51,329.86,314.68,16.369,7.097,1797.77,1797.77,17600.0,6.326,2.400,-0.45,-12.47,-44.95,56.97
35.10,3238.07,101.19,1201.99,604.79,299.51,329.86,314.68,16.369,7.097,1797.77,1797.77,17600.0,6.326,2.400,-0.44,-12.46,-44.95,56.97
35.15,3238.05,101.19,1201.99,604.79,299.51,329.86,314.68,16.369,7.097,1797.77,1797.77,17600.0,6.326,2.400,-0.44,-12.46,-44.95,56.97
35.20,3238.04,101.19,1201.99,604.79,299.51,329.86,314.68,16.368,7.097,1797.77,1797.77,17600.0,6.326,2.400,-0.44,-12.45,-44.95,56.97
35.25,3238.03,101.19,1201.99,604.79,299.51,329.86,314.68,16.368,7.097,1797.77,1797.77,17600.0,6.327,2.400,-0.43,-12.45,-44.96,56.97
35.30,3238.02,101.19,1201.99,604.78,299.51,329.86,314.68,16.368,7.097,1797.77,1797.77,17600.0,6.327,2.400,-0.43,-12.44,-44.96,56.97
35.35,3238.01,101.19,1201.99,604.78,299.51,329.86,314.68,16.368,7.097,1797.77,1797.77,17600.0,6.327,2.400,-0.43,-12.44,-44.96,56.97
35.40,3238.00,101.19,1201.99,604.78,299.51,329.86,314.68,16.368,7.097,1797.77,1797.77,17600.0,6.327,2.400,-0.42,-12.43,-44.96,56.97
35.45,3237.99,101.19,1201.99,604.78,299.51,329.86,314.68,16.367,7.097,1797.77,1797.77,17600.0,6.327,2.400,-0.42,-12.43,-44.96,56.97
35.50,3237.98,101.19,1201.99,604.78,299.51,329.86,314.68,16.367,7.097,1797.77,1797.77,17600.0,6.327,2.400,-0.42,-12.42,-44.96,56.97
35.55,3237.97,101.19,1201.99,604.77,299.51,329.86,314.68,16.367,7.097,1797.77,1797.77,17600.0,6.327,2.400,-0.41,-12.42,-44.97,56.97
35.60,3237.96,101.19,1201.99,604.77,299.51,329.86,314.68,16.367,7.097,1797.77,1797.77,17600.0,6.327,2.400,-0.41,-12.41,-44.97,56.97
35.65,3237.95,101.19,1201.99,604.77,299.51,329.86,314.68,16.367,7.097,1797.77,1797.77,17600.0,6.327,2.400,-0.41,-12.41,-44.97,56.97
35.70,3237.94,101.19,1201.99,604.77,299.51,329.86,314.68,16.366,7.097,1797.77,1797.77,17600.0,6.327,2.400,-0.40,-12.40,-44.97,56.97
35.75,3237.93,101.19,1201.99,604.77,299.51,329.86,314.68,16.366,7.097,1797.77,1797.77,17600.0,6.327,2.400,-0.40,-12.40,-44.97,56.97
35.80,3237.92,101.18,1201.99,604.77,299.51,329.86,314.68,16.366,7.097,1797.77,1797.77,17600.0,6.328,2.400,-0.40,-12.39,-44.97,56.97
35.85,3237.91,101.18,1201.99,604.76,299.51,329.86,314.69,16.366,7.097,1797.77,1797.77,17600.0,6.328,2.400,-0.39,-12.39,-44.97,56.97
35.90,3237.90,101.18,1201.99,604.76,299.51,329.86,314.69,16.366,7.097,1797.77,1797.77,17600.0,6.328,2.400,-0.39,-12.39,-44.98,56.97
35.95,3237.89,101.18,1201.99,604.76,299.51,329.86,314.69,16.365,7.097,1797.77,1797.77,17600.0,6.328,2.400,-0.39,-12.38,-44.98,56.97
36.00,3237.88,101.18,1201.99,604.76,299.51,329.86,314.69,16.365,7.097,1797.77,1797.77,17600.0,6.328,2.400,-0.38,-12.38,-44.98,56.97
36.05,3237.87,101.18,1201.99,604.76,299.51,329.86,314.69,16.365,7.097,1797.77,1797.77,17600.0,6.328,2.400,-0.38,-12.37,-44.98,56.97
36.10,3237.86,101.18,1201.99,604.76,299.51,329.86,314.69,16.365,7.097,1797.76,1797.77,17600.0,6.328,2.400,-0.38,-12.37,-44.98,56.97
36.15,3237.85,101.18,1201.99,604.75,299.51,329.86,314.69,16.365,7.097,1797.76,1797.77,17600.0,6.328,2.400,-0.37,-12.36,-44.98,56.97
36.20,3237.85,101.18,1201.99,604.75,299.51,329.86,314.69,16.364,7.097,1797.76,1797.77,17600.0,6.328,2.400,-0.37,-12.36,-44.98,56.97
36.25,3237.84,101.18,1201.99,604.75,299.51,329.86,314.69,16.364,7.097,1797.76,1797.77,17600.0,6.328,2.400,-0.37,-12.36,-44.98,56.97
36.30,3237.83,101.18,1201.99,604.75,299.51,329.86,314.69,16.364,7.097,1797.76,1797.77,17600.0,6.328,2.400,-0.36,-12.35,-44.98,56.97
36.35,3237.82,101.18,1201.99,604.75,299.51,329.86,314.69,16.364,7.097,1797.76,1797.77,17600.0,6.328,2.400,-0.36,-12.35,-44.98,56.97
36.40,3237.81,101.18,1201.99,604.75,299.51,329.86,314.69,16.364,7.097,1797.76,1797.77,17600.0,6.328,2.400,-0.36,-12.34,-44.99,56.97
36.45,3237.81,101.18,1201.99,604.74,299.51,329.86,314.69,16.364,7.097,1797.76,1797.76,17600.0,6.329,2.400,-0.36,-12.34,-44.99,56.97
36.50,3237.80,101.18,1201.99,604.74,299.51,329.86,314.69,16.363,7.097,1797.76,1797.76,17600.0,6.329,2.400,-0.35,-12.34,-44.99,56.97
36.55,3237.79,101.18,1201.99,604.74,299.51,329.86,314.69,16.363,7.097,1797.76,1797.76,17600.0,6.329,2.400,-0.35,-12.33,-44.99,56.97
36.60,3237.78,101.18,1201.99,604.74,299.51,329.86,314.69,16.363,7.097,1797.76,1797.76,17600.0,6.329,2.400,-0.35,-12.33,-44.99,56.97
36.65,3237.78,101.18,1201.99,604.74,299.51,329.86,314.69,16.363,7.097,1797.76,1797.76,17600.0,6.329,2.400,-0.34,-12.32,-44.99,56.97
36.70,3237.77,101.18,1201.99,604.74,299.51,329.86,314.69,16.363,7.097,1797.76,1797.76,17600.0,6.329,2.400,-0.34,-12.32,-44.99,56.97
36.75,3237.76,101.18,1201.99,604.74,299.51,329.86,314.69,16.363,7.097,1797.76,1797.76,17600.0,6.329,2.400,-0.34,-12.32,-44.99,56.97
36.80,3237.76,101.18,1201.99,604.73,299.51,329.86,314.69,16.362,7.097,1797.76,1797.76,17600.0,6.329,2.400,-0.33,-12.31,-44.99,56.97
36.85,3237.75,101.18,1201.99,604.73,299.51,329.86,314.69,16.362,7.097,1797.76,1797.76,17600.0,6.329,2.400,-0.33,-12.31,-44.99,56.97
36.90,3237.74,101.18,1201.99,604.73,299.51,329.86,314.69,16.362,7.097,1797.76,1797.76,17600.0,6.329,2.400,-0.33,-12.31,-44.99,56.97
36.95,3237.74,101.18,1201.99,604.73,299.51,329.86,314.69,16.362,7.097,1797.76,1797.76,17600.0,6.329,2.400,-0.33,-12.30,-44.99,56.97
37.00,3237.73,101.18,1201.99,604.73,299.51,329.86,314.69,16.362,7.097,1797.76,1797.76,17600.0,6.329,2.400,-0.32,-12.30,-44.99,56.97
37.05,3237.72,101.18,1201.99,604.73,299.51,329.86,314.69,16.362,7.097,1797.76,1797.76,17600.0,6.329,2.400,-0.32,-12.30,-44.99,56.97
37.10,3237.72,101.18,1201.99,604.73,299.51,329.86,314.69,16.362,7.097,1797.76,1797.76,17600.0,6.329,2.400,-0.32,-12.29,-44.99,56.97
37.15,3237.71,101.18,1201.99,604.73,299.51,329.86,314.69,16.361,7.097,1797.76,1797.76,17600.0,6.329,2.400,-0.31,-12.29,-44.99,56.97
37.20,3237.71,101.18,1201.99,604.72,299.51,329.86,314.69,16.361,7.097,1797.75,1797.76,17600.0,6.329,2.400,-0.31,-12.29,-45.00,56.97
37.25,3237.70,101.18,1201.99,604.72,299.51,329.86,314.69,16.361,7.097,1797.75,1797.76,17600.0,6.329,2.400,-0.31,-12.28,-45.00,56.97
37.30,3237.69,101.18,1201.99,604.72,299.51,329.86,314.69,16.361,7.097,1797.75,1797.76,17600.0,6.330,2.400,-0.31,-12.28,-45.00,56.97
37.35,3237.69,101.18,1201.99,604.72,299.51,329.86,314.69,16.361,7.097,1797.75,1797.76,17600.0,6.330,2.400,-0.30,-12.28,-45.00,56.97
37.40,3237.68,101.18,1201.99,604.72,299.51,329.86,314.69,16.361,7.097,1797.75,1797.76,17600.0,6.330,2.400,-0.30,-12.27,-45.00,56.97
37.45,3237.68,101.18,1201.98,604.72,299.51,329.86,314.69,16.361,7.097,1797.75,1797.76,17600.0,6.330,2.400,-0.30,-12.27,-45.00,56.97
37.50,3237.67,101.18,1201.98,604.72,299.51,329.86,314.69,16.360,7.097,1797.75,1797.76,17600.0,6.330,2.400,-0.29,-12.27,-45.00,56.97
37.55,3237.67,101.18,1201.98,604.72,299.51,329.86,314.69,16.360,7.097,1797.75,1797.76,17600.0,6.330,2.400,-0.29,-12.27,-45.00,56.97
37.60,3237.66,101.18,1201.98,604.72,299.51,329.86,314.69,16.360,7.097,1797.75,1797.75,17600.0,6.330,2.400,-0.29,-12.26,-45.00,56.97
37.65,3237.66,101.18,1201.98,604.71,299.51,329.86,314.69,16.360,7.097,1797.75,1797.75,17600.0,6.330,2.400,-0.29,-12.26,-45.00,56.97
37.70,3237.65,101.18,1201.98,604.71,299.51,329.86,314.69,16.360,7.097,1797.75,1797.75,17600.0,6.330,2.400,-0.28,-12.26,-45.00,56.97
37.75,3237.65,101.18,1201.98,604.71,299.51,329.86,314.69,16.360,7.097,1797.75,1797.75,17600.0,6.330,2.400,-0.28,-12.25,-45.00,56.97
37.80,3237.64,101.18,1201.98,604.71,299.51,329.86,314.69,16.360,7.097,1797.75,1797.75,17600.0,6.330,2.400,-0.28,-12.25,-45.00,56.97
37.85,3237.64,101.18,1201.98,604.71,299.51,329.86,314.69,16.359,7.097,1797.75,1797.75,17600.0,6.330,2.400,-0.27,-12.25,-45.00,56.97
37.90,3237.63,101.18,1201.98,604.71,299.51,329.86,314.69,16.359,7.097,1797.75,1797.75,17600.0,6.330,2.400,-0.27,-12.25,-45.00,56.97
37.95,3237.63,101.18,1201.98,604.71,299.51,329.86,314.69,16.359,7.097,1797.75,1797.75,17600.0,6.330,2.400,-0.27,-12.24,-45.00,56.97
38.00,3237.62,101.18,1201.98,604.71,299.51,329.86,314.69,16.359,7.097,1797.75,1797.75,17600.0,6.330,2.400,-0.27,-12.24,-45.00,56.97
38.05,3237.62,101.18,1201.98,604.71,299.51,329.86,314.69,16.359,7.097,1797.74,1797.75,17600.0,6.330,2.400,-0.26,-12.24,-45.00,56.97
38.10,3237.62,101.18,1201.98,604.71,299.51,329.86,314.69,16.359,7.097,1797.74,1797.75,17600.0,6.330,2.400,-0.26,-12.24,-45.00,56.97
38.15,3237.61,101.18,1201.98,604.70,299.51,329.86,314.69,16.359,7.097,1797.74,1797.75,17600.0,6.330,2.400,-0.26,-12.23,-45.00,56.97
38.20,3237.61,101.18,1201.98,604.70,299.51,329.86,314.69,16.359,7.097,1797.74,1797.75,17600.0,6.330,2.400,-0.26,-12.23,-45.00,56.97
38.25,3237.60,101.18,1201.98,604.70,299.51,329.86,314.69,16.358,7.097,1797.74,1797.75,17600.0,6.330,2.400,-0.25,-12.23,-45.00,56.97
38.30,3237.60,101.17,1201.98,604.70,299.51,329.86,314.69,16.358,7.097,1797.74,1797.75,17600.0,6.330,2.400,-0.25,-12.23,-45.00,56.97
38.35,3237.60,101.17,1201.98,604.70,299.51,329.86,314.69,16.358,7.097,1797.74,1797.75,17600.0,6.330,2.400,-0.25,-12.22,-45.00,56.97
38.40,3237.59,101.17,1201.98,604.70,299.51,329.86,314.69,16.358,7.097,1797.74,1797.75,17600.0,6.330,2.400,-0.25,-12.22,-45.00,56.97
38.45,3237.59,101.17,1201.98,604.70,299.51,329.86,314.69,16.358,7.097,1797.74,1797.74,17600.0,6.331,2.400,-0.24,-12.22,-45.00,56.97
38.50,3237.59,101.17,1201.98,604.70,299.51,329.86,314.69,16.358,7.097,1797.74,1797.74,17600.0,6.331,2.400,-0.24,-12.22,-45.00,56.97
38.55,3237.58,101.17,1201.98,604.70,299.51,329.86,314.69,16.358,7.097,1797.74,1797.74,17600.0,6.331,2.400,-0.24,-12.21,-44.99,56.97
38.60,3237.58,101.17,1201.98,604.70,299.51,329.86,314.69,16.358,7.097,1797.74,1797.74,17600.0,6.331,2.400,-0.24,-12.21,-44.99,56.97
38.65,3237.58,101.17,1201.98,604.70,299.51,329.86,314.69,16.358,7.097,1797.74,1797.74,17600.0,6.331,2.400,-0.23,-12.21,-44.99,56.97
38.70,3237.57,101.17,1201.98,604.69,299.51,329.86,314.69,16.357,7.097,1797.74,1797.74,17600.0,6.331,2.400,-0.23,-12.21,-44.99,56.97
38.75,3237.57,101.17,1201.97,604.69,299.51,329.86,314.69,16.357,7.097,1797.74,1797.74,17600.0,6.331,2.400,-0.23,-12.21,-44.99,56.97
38.80,3237.57,101.17,1201.97,604.69,299.51,329.86,314.69,16.357,7.097,1797.73,1797.74,17600.0,6.331,2.400,-0.23,-12.20,-44.99,56.97
38.85,3237.56,101.17,1201.97,604.69,299.51,329.86,314.69,16.357,7.097,1797.73,1797.74,17600.0,6.331,2.400,-0.22,-12.20,-44.99,56.97
38.90,3237.56,101.17,1201.97,604.69,299.51,329.86,314.69,16.357,7.097,1797.73,1797.74,17600.0,6.331,2.400,-0.22,-12.20,-44.99,56.97
38.95,3237.56,101.17,1201.97,604.69,299.51,329.86,314.69,16.357,7.097,1797.73,1797.74,17600.0,6.331,2.400,-0.22,-12.20,-44.99,56.97
39.00,3237.55,101.17,1201.97,604.69,299.51,329.86,314.69,16.357,7.097,1797.73,1797.74,17600.0,6.331,2.400,-0.22,-12.20,-44.99,56.97
39.05,3237.55,101.17,1201.97,604.69,299.51,329.86,314.69,16.357,7.097,1797.73,1797.74,17600.0,6.331,2.400,-0.21,-12.19,-44.99,56.97
39.10,3237.55,101.17,1201.97,604.69,299.51,329.86,314.69,16.357,7.097,1797.73,1797.74,17600.0,6.331,2.400,-0.21,-12.19,-44.99,56.97
39.15,3237.55,101.17,1201.97,604.69,299.51,329.86,314.69,16.356,7.097,1797.73,1797.74,17600.0,6.331,2.400,-0.21,-12.19,-44.99,56.97
39.20,3237.54,101.17,1201.97,604.69,299.51,329.86,314.69,16.356,7.097,1797.73,1797.73,17600.0,6.331,2.400,-0.21,-12.19,-44.99,56.97
39.25,3237.54,101.17,1201.97,604.69,299.51,329.86,314.69,16.356,7.097,1797.73,1797.73,17600.0,6.331,2.400,-0.21,-12.19,-44.99,56.97
39.30,3237.54,101.17,1201.97,604.69,299.51,329.86,314.69,16.356,7.097,1797.73,1797.73,17600.0,6.331,2.400,-0.20,-12.19,-44.99,56.97
39.35,3237.54,101.17,1201.97,604.69,299.51,329.86,314.69,16.356,7.097,1797.73,1797.73,17600.0,6.331,2.400,-0.20,-12.18,-44.99,56.97
39.40,3237.53,101.17,1201.97,604.68,299.51,329.86,314.69,16.356,7.097,1797.73,1797.73,17600.0,6.331,2.400,-0.20,-12.18,-44.99,56.97
39.45,3237.53,101.17,1201.97,604.68,299.51,329.86,314.69,16.356,7.097,1797.73,1797.73,17600.0,6.331,2.400,-0.20,-12.18,-44.99,56.97
39.50,3237.53,101.17,1201.97,604.68,299.51,329.86,314.69,16.356,7.097,1797.72,1797.73,17600.0,6.331,2.400,-0.19,-12.18,-44.99,56.97
39.55,3237.53,101.17,1201.97,604.68,299.51,329.86,314.69,16.356,7.097,1797.72,1797.73,17600.0,6.331,2.400,-0.19,-12.18,-44.99,56.97
39.60,3237.53,101.17,1201.97,604.68,299.51,329.86,314.69,16.356,7.097,1797.72,1797.73,17600.0,6.331,2.400,-0.19,-12.18,-44.99,56.97
39.65,3237.52,101.17,1201.97,604.68,299.51,329.86,314.69,16.356,7.097,1797.72,1797.73,17600.0,6.331,2.400,-0.19,-12.17,-44.98,56.97
39.70,3237.52,101.17,1201.97,604.68,299.51,329.86,314.69,16.355,7.097,1797.72,1797.73,17600.0,6.331,2.400,-0.19,-12.17,-44.98,56.97
39.75,3237.52,101.17,1201.97,604.68,299.51,329.86,314.69,16.355,7.097,1797.72,1797.73,17600.0,6.331,2.400,-0.18,-12.17,-44.98,56.97
39.80,3237.52,101.17,1201.97,604.68,299.51,329.86,314.69,16.355,7.097,1797.72,1797.73,17600.0,6.331,2.400,-0.18,-12.17,-44.98,56.97
39.85,3237.52,101.17,1201.96,604.68,299.51,329.86,314.69,16.355,7.097,1797.72,1797.73,17600.0,6.331,2.400,-0.18,-12.17,-44.98,56.97
39.90,3237.52,101.17,1201.96,604.68,299.51,329.86,314.69,16.355,7.097,1797.72,1797.73,17600.0,6.331,2.400,-0.18,-12.17,-44.98,56.97
39.95,3237.51,101.17,1201.96,604.68,299.51,329.86,314.69,16.355,7.097,1797.72,1797.72,17600.0,6.331,2.400,-0.17,-12.16,-44.98,56.97
40.00,3237.51,101.17,1201.96,604.68,299.51,329.86,314.69,16.355,7.097,1797.72,1797.72,17600.0,6.331,2.400,-0.17,-12.16,-44.98,56.97
40.05,3237.51,101.17,1201.96,604.68,299.51,329.86,314.69,16.355,7.097,1797.72,1797.72,17600.0,6.331,2.400,-0.17,-12.16,-44.98,56.97
40.10,3237.51,101.17,1201.96,604.68,299.51,329.86,314.69,16.355,7.097,1797.72,1797.72,17600.0,6.331,2.400,-0.17,-12.16,-44.98,56.97
40.15,3237.51,101.17,1201.96,604.68,299.51,329.86,314.69,16.355,7.097,1797.72,1797.72,17600.0,6.331,2.400,-0.17,-12.16,-44.98,56.97
40.20,3237.51,101.17,1201.96,604.68,299.51,329.86,314.69,16.355,7.097,1797.71,1797.72,17600.0,6.331,2.400,-0.16,-12.16,-44.98,56.97
40.25,3237.51,101.17,1201.96,604.68,299.51,329.86,314.69,16.355,7.097,1797.71,1797.72,17600.0,6.331,2.400,-0.16,-12.16,-44.98,56.97
40.30,3237.50,101.17,1201.96,604.67,299.51,329.86,314.68,16.354,7.097,1797.71,1797.72,17600.0,6.331,2.400,-0.16,-12.16,-44.98,56.97
40.35,3237.50,101.17,1201.96,604.67,299.51,329.86,314.68,16.354,7.097,1797.71,1797.72,17600.0,6.331,2.400,-0.16,-12.15,-44.97,56.97
40.40,3237.50,101.17,1201.96,604.67,299.51,329.86,314.68,16.354,7.097,1797.71,1797.72,17600.0,6.331,2.400,-0.16,-12.15,-44.97,56.97
40.45,3237.50,101.17,1201.96,604.67,299.51,329.86,314.68,16.354,7.097,1797.71,1797.72,17600.0,6.331,2.400,-0.15,-12.15,-44.97,56.97
40.50,3237.50,101.17,1201.96,604.67,299.51,329.86,314.68,16.354,7.097,1797.71,1797.72,17600.0,6.331,2.400,-0.15,-12.15,-44.97,56.97
40.55,3237.50,101.17,1201.96,604.67,299.51,329.86,314.68,16.354,7.097,1797.71,1797.72,17600.0,6.331,2.400,-0.15,-12.15,-44.97,56.97
40.60,3237.50,101.17,1201.96,604.67,299.51,329.86,314.68,16.354,7.097,1797.71,1797.72,17600.0,6.331,2.400,-0.15,-12.15,-44.97,56.97
40.65,3237.50,101.17,1201.96,604.67,299.51,329.86,314.68,16.354,7.097,1797.71,1797.71,17600.0,6.331,2.400,-0.15,-12.15,-44.97,56.97
40.70,3237.50,101.17,1201.96,604.67,299.51,329.86,314.68,16.354,7.097,1797.71,1797.71,17600.0,6.331,2.400,-0.14,-12.15,-44.97,56.97
40.75,3237.50,101.17,1201.96,604.67,299.51,329.86,314.68,16.354,7.097,1797.71,1797.71,17600.0,6.331,2.400,-0.14,-12.14,-44.97,56.97
40.80,3237.49,101.17,1201.96,604.67,299.51,329.86,314.68,16.354,7.097,1797.71,1797.71,17600.0,6.332,2.400,-0.14,-12.14,-44.97,56.97
40.85,3237.49,101.17,1201.96,604.67,299.51,329.86,314.68,16.354,7.097,1797.71,1797.71,17600.0,6.332,2.400,-0.14,-12.14,-44.97,56.97
40.90,3237.49,101.17,1201.95,604.67,299.51,329.86,314.68,16.354,7.097,1797.70,1797.71,17600.0,6.332,2.400,-0.14,-12.14,-44.97,56.97
40.95,3237.49,101.17,1201.95,604.67,299.51,329.86,314.68,16.354,7.097,1797.70,1797.71,17600.0,6.332,2.400,-0.13,-12.14,-44.96,56.97
41.00,3237.49,101.17,1201.95,604.67,299.51,329.86,314.68,16.353,7.097,1797.70,1797.71,17600.0,6.332,2.400,-0.13,-12.14,-44.96,56.97
41.05,3237.49,101.17,1201.95,604.67,299.51,329.86,314.68,16.353,7.097,1797.70,1797.71,17600.0,6.332,2.400,-0.13,-12.14,-44.96,56.97
41.10,3237.49,101.17,1201.95,604.67,299.51,329.86,314.68,16.353,7.097,1797.70,1797.71,17600.0,6.332,2.400,-0.13,-12.14,-44.96,56.97
41.15,3237.49,101.17,1201.95,604.67,299.51,329.86,314.68,16.353,7.097,1797.70,1797.71,17600.0,6.332,2.400,-0.13,-12.14,-44.96,56.97
41.20,3237.49,101.17,1201.95,604.67,299.51,329.86,314.68,16.353,7.097,1797.70,1797.71,17600.0,6.332,2.400,-0.13,-12.14,-44.96,56.97
41.25,3237.49,101.17,1201.95,604.67,299.51,329.86,314.68,16.353,7.097,1797.70,1797.71,17600.0,6.332,2.400,-0.12,-12.13,-44.96,56.97
41.30,3237.49,101.17,1201.95,604.67,299.51,329.86,314.68,16.353,7.097,1797.70,1797.71,17600.0,6.332,2.400,-0.12,-12.13,-44.96,56.97
41.35,3237.49,101.17,1201.95,604.67,299.51,329.86,314.68,16.353,7.097,1797.70,1797.70,17600.0,6.332,2.400,-0.12,-12.13,-44.96,56.97
41.40,3237.49,101.17,1201.95,604.67,299.51,329.86,314.68,16.353,7.097,1797.70,1797.70,17600.0,6.332,2.400,-0.12,-12.13,-44.96,56.97
41.45,3237.49,101.17,1201.95,604.67,299.51,329.86,314.68,16.353,7.097,1797.70,1797.70,17600.0,6.332,2.400,-0.12,-12.13,-44.96,56.97
41.50,3237.49,101.17,1201.95,604.67,299.51,329.86,314.68,16.353,7.097,1797.70,1797.70,17600.0,6.332,2.400,-0.11,-12.13,-44.96,56.97
41.55,3237.49,101.17,1201.95,604.66,299.51,329.86,314.68,16.353,7.097,1797.70,1797.70,17600.0,6.332,2.400,-0.11,-12.13,-44.95,56.97
41.60,3237.49,101.17,1201.95,604.66,299.51,329.86,314.68,16.353,7.097,1797.69,1797.70,17600.0,6.332,2.400,-0.11,-12.13,-44.95,56.97
41.65,3237.49,101.17,1201.95,604.66,299.51,329.85,314.68,16.353,7.097,1797.69,1797.70,17600.0,6.332,2.400,-0.11,-12.13,-44.95,56.97
41.70,3237.49,101.17,1201.95,604.66,299.51,329.85,314.68,16.353,7.097,1797.69,1797.70,17600.0,6.332,2.400,-0.11,-12.13,-44.95,56.97
41.75,3237.49,101.17,1201.95,604.66,299.51,329.85,314.68,16.353,7.097,1797.69,1797.70,17600.0,6.332,2.400,-0.11,-12.13,-44.95,56.97
41.80,3237.49,101.17,1201.95,604.66,299.51,329.85,314.68,16.353,7.097,1797.69,1797.70,17600.0,6.332,2.400,-0.10,-12.13,-44.95,56.97
41.85,3237.49,101.17,1201.95,604.66,299.51,329.85,314.68,16.352,7.097,1797.69,1797.70,17600.0,6.332,2.400,-0.10,-12.13,-44.95,56.97
41.90,3237.49,101.17,1201.95,604.66,299.51,329.85,314.68,16.352,7.097,1797.69,1797.70,17600.0,6.332,2.400,-0.10,-12.12,-44.95,56.97
41.95,3237.49,101.17,1201.94,604.66,299.51,329.85,314.68,16.352,7.097,1797.69,1797.70,17600.0,6.332,2.400,-0.10,-12.12,-44.95,56.97
42.00,3237.49,101.17,1201.94,604.66,299.51,329.85,314.68,16.352,7.097,1797.69,1797.70,17600.0,6.332,2.400,-0.10,-12.12,-44.95,56.97
42.05,3237.49,101.17,1201.94,604.66,299.51,329.85,314.68,16.352,7.096,1797.69,1797.69,17600.0,6.332,2.400,-0.10,-12.12,-44.94,56.97
42.10,3237.49,101.17,1201.94,604.66,299.51,329.85,314.68,16.352,7.096,1797.69,1797.69,17600.0,6.332,2.400,-0.09,-12.12,-44.94,56.97
42.15,3237.49,101.17,1201.94,604.66,299.51,329.85,314.68,16.352,7.096,1797.69,1797.69,17600.0,6.332,2.400,-0.09,-12.12,-44.94,56.97
42.20,3237.49,101.17,1201.94,604.66,299.51,329.85,314.68,16.352,7.096,1797.69,1797.69,17600.0,6.332,2.400,-0.09,-12.12,-44.94,56.97
42.25,3237.49,101.17,1201.94,604.66,299.51,329.85,314.68,16.352,7.096,1797.69,1797.69,17600.0,6.332,2.400,-0.09,-12.12,-44.94,56.97
42.30,3237.49,101.17,1201.94,604.66,299.51,329.85,314.68,16.352,7.096,1797.69,1797.69,17600.0,6.332,2.400,-0.09,-12.12,-44.94,56.97
42.35,3237.49,101.17,1201.94,604.66,299.51,329.85,314.68,16.352,7.096,1797.68,1797.69,17600.0,6.332,2.400,-0.09,-12.12,-44.94,56.97
42.40,3237.49,101.17,1201.94,604.66,299.51,329.85,314.68,16.352,7.096,1797.68,1797.69,17600.0,6.332,2.400,-0.09,-12.12,-44.94,56.97
42.45,3237.49,101.17,1201.94,604.66,299.51,329.85,314.68,16.352,7.096,1797.68,1797.69,17600.0,6.332,2.400,-0.08,-12.12,-44.94,56.97
42.50,3237.49,101.17,1201.94,604.66,299.51,329.85,314.68,16.352,7.096,1797.68,1797.69,17600.0,6.332,2.400,-0.08,-12.12,-44.94,56.97
42.55,3237.49,101.17,1201.94,604.66,299.51,329.85,314.68,16.352,7.096,1797.68,1797.69,17600.0,6.332,2.400,-0.08,-12.12,-44.93,56.97
42.60,3237.49,101.17,1201.94,604.66,299.51,329.85,314.68,16.352,7.096,1797.68,1797.69,17600.0,6.332,2.400,-0.08,-12.12,-44.93,56.97
42.65,3237.49,101.17,1201.94,604.66,299.51,329.85,314.68,16.352,7.096,1797.68,1797.69,17600.0,6.332,2.400,-0.08,-12.12,-44.93,56.97
42.70,3237.49,101.17,1201.94,604.66,299.51,329.85,314.68,16.352,7.096,1797.68,1797.69,17600.0,6.332,2.400,-0.08,-12.11,-44.93,56.97
42.75,3237.49,101.17,1201.94,604.66,299.51,329.85,314.68,16.352,7.096,1797.68,1797.68,17600.0,6.332,2.400,-0.07,-12.11,-44.93,56.97
42.80,3237.49,101.17,1201.94,604.66,299.51,329.85,314.68,16.352,7.096,1797.68,1797.68,17600.0,6.332,2.400,-0.07,-12.11,-44.93,56.97
42.85,3237.49,101.17,1201.94,604.66,299.51,329.85,314.68,16.352,7.096,1797.68,1797.68,17600.0,6.332,2.400,-0.07,-12.11,-44.93,56.97
42.90,3237.49,101.17,1201.94,604.66,299.51,329.85,314.68,16.351,7.096,1797.68,1797.68,17600.0,6.332,2.400,-0.07,-12.11,-44.93,56.97
42.95,3237.49,101.17,1201.94,604.66,299.51,329.85,314.68,16.351,7.096,1797.68,1797.68,17600.0,6.332,2.400,-0.07,-12.11,-44.93,56.97
43.00,3237.49,101.17,1201.93,604.66,299.51,329.85,314.68,16.351,7.096,1797.68,1797.68,17600.0,6.332,2.400,-0.07,-12.11,-44.93,56.97
43.05,3237.49,101.17,1201.93,604.66,299.51,329.85,314.68,16.351,7.096,1797.67,1797.68,17600.0,6.332,2.400,-0.07,-12.11,-44.92,56.97
43.10,3237.49,101.17,1201.93,604.66,299.51,329.85,314.68,16.351,7.096,1797.67,1797.68,17600.0,6.332,2.400,-0.06,-12.11,-44.92,56.97
43.15,3237.49,101.17,1201.93,604.66,299.51,329.85,314.68,16.351,7.096,1797.67,1797.68,17600.0,6.332,2.400,-0.06,-12.11,-44.92,56.97
43.20,3237.49,101.17,1201.93,604.66,299.51,329.85,314.68,16.351,7.096,1797.67,1797.68,17600.0,6.332,2.400,-0.06,-12.11,-44.92,56.97
43.25,3237.50,101.17,1201.93,604.66,299.51,329.85,314.68,16.351,7.096,1797.67,1797.68,17600.0,6.332,2.400,-0.06,-12.11,-44.92,56.97
43.30,3237.50,101.17,1201.93,604.66,299.51,329.85,314.68,16.351,7.096,1797.67,1797.68,17600.0,6.332,2.400,-0.06,-12.11,-44.92,56.97
43.35,3237.50,101.17,1201.93,604.66,299.51,329.85,314.68,16.351,7.096,1797.67,1797.68,17600.0,6.332,2.400,-0.06,-12.11,-44.92,56.97
43.40,3237.50,101.17,1201.93,604.66,299.51,329.85,314.68,16.351,7.096,1797.67,1797.68,17600.0,6.332,2.400,-0.06,-12.11,-44.92,56.97
43.45,3237.50,101.17,1201.93,604.66,299.51,329.85,314.68,16.351,7.096,1797.67,1797.68,17600.0,6.332,2.400,-0.05,-12.11,-44.92,56.97
43.50,3237.50,101.17,1201.93,604.66,299.51,329.85,314.68,16.351,7.096,1797.67,1797.67,17600.0,6.332,2.400,-0.05,-12.11,-44.92,56.97
43.55,3237.50,101.17,1201.93,604.66,299.51,329.85,314.68,16.351,7.096,1797.67,1797.67,17600.0,6.332,2.400,-0.05,-12.11,-44.91,56.97
43.60,3237.50,101.17,1201.93,604.66,299.51,329.85,314.68,16.351,7.096,1797.67,1797.67,17600.0,6.332,2.400,-0.05,-12.11,-44.91,56.97
43.65,3237.50,101.17,1201.93,604.66,299.51,329.85,314.68,16.351,7.096,1797.67,1797.67,17600.0,6.332,2.400,-0.05,-12.11,-44.91,56.97
43.70,3237.50,101.17,1201.93,604.66,299.51,329.85,314.68,16.351,7.096,1797.67,1797.67,17600.0,6.332,2.400,-0.05,-12.11,-44.91,56.97
43.75,3237.50,101.17,1201.93,604.66,299.51,329.85,314.68,16.351,7.096,1797.67,1797.67,17600.0,6.332,2.400,-0.05,-12.11,-44.91,56.97
43.80,3237.50,101.17,1201.93,604.66,299.51,329.85,314.68,16.351,7.096,1797.67,1797.67,17600.0,6.332,2.400,-0.05,-12.11,-44.91,56.97
43.85,3237.50,101.17,1201.93,604.66,299.51,329.85,314.68,16.351,7.096,1797.66,1797.67,17600.0,6.332,2.400,-0.04,-12.11,-44.91,56.97
43.90,3237.51,101.17,1201.93,604.66,299.51,329.85,314.68,16.351,7.096,1797.66,1797.67,17600.0,6.332,2.400,-0.04,-12.11,-44.91,56.97
43.95,3237.51,101.17,1201.93,604.66,299.51,329.85,314.68,16.351,7.096,1797.66,1797.67,17600.0,6.332,2.400,-0.04,-12.11,-44.91,56.97
44.00,3237.51,101.17,1201.93,604.66,299.51,329.85,314.68,16.351,7.096,1797.66,1797.67,17600.0,6.332,2.400,-0.04,-12.11,-44.91,56.97
44.05,3237.51,101.17,1201.93,604.66,299.51,329.85,314.68,16.351,7.096,1797.66,1797.67,17600.0,6.332,2.400,-0.04,-12.11,-44.90,56.97
44.10,3237.51,101.17,1201.93,604.66,299.51,329.85,314.68,16.351,7.096,1797.66,1797.67,17600.0,6.332,2.400,-0.04,-12.11,-44.90,56.97
44.15,3237.51,101.17,1201.92,604.66,299.51,329.85,314.68,16.351,7.096,1797.66,1797.67,17600.0,6.332,2.400,-0.04,-12.11,-44.90,56.97
44.20,3237.51,101.17,1201.92,604.66,299.51,329.85,314.68,16.351,7.096,1797.66,1797.67,17600.0,6.332,2.400,-0.04,-12.10,-44.90,56.97
44.25,3237.51,101.17,1201.92,604.66,299.51,329.85,314.68,16.351,7.096,1797.66,1797.66,17600.0,6.332,2.400,-0.03,-12.10,-44.90,56.97
44.30,3237.51,101.17,1201.92,604.66,299.51,329.85,314.68,16.351,7.096,1797.66,1797.66,17600.0,6.332,2.400,-0.03,-12.10,-44.90,56.97
44.35,3237.51,101.17,1201.92,604.66,299.51,329.85,314.68,16.351,7.096,1797.66,1797.66,17600.0,6.332,2.400,-0.03,-12.10,-44.90,56.97
44.40,3237.51,101.17,1201.92,604.66,299.51,329.85,314.68,16.350,7.096,1797.66,1797.66,17600.0,6.332,2.400,-0.03,-12.10,-44.90,56.97
44.45,3237.52,101.17,1201.92,604.66,299.51,329.85,314.68,16.350,7.096,1797.66,1797.66,17600.0,6.332,2.400,-0.03,-12.10,-44.90,56.97
44.50,3237.52,101.17,1201.92,604.66,299.51,329.85,314.68,16.350,7.096,1797.66,1797.66,17600.0,6.332,2.400,-0.03,-12.10,-44.90,56.97
44.55,3237.52,101.17,1201.92,604.66,299.51,329.85,314.68,16.350,7.096,1797.66,1797.66,17600.0,6.332,2.400,-0.03,-12.10,-44.89,56.97
44.60,3237.52,101.17,1201.92,604.66,299.51,329.85,314.68,16.350,7.096,1797.66,1797.66,17600.0,6.332,2.400,-0.03,-12.10,-44.89,56.97
44.65,3237.52,101.17,1201.92,604.66,299.51,329.85,314.68,16.350,7.096,1797.65,1797.66,17600.0,6.332,2.400,-0.02,-12.10,-44.89,56.97
44.70,3237.52,101.17,1201.92,604.66,299.51,329.85,314.68,16.350,7.096,1797.65,1797.66,17600.0,6.332,2.400,-0.02,-12.10,-44.89,56.97
44.75,3237.52,101.17,1201.92,604.66,299.51,329.85,314.68,16.350,7.096,1797.65,1797.66,17600.0,6.331,2.400,-0.02,-12.10,-44.89,56.97
44.80,3237.52,101.17,1201.92,604.65,299.51,329.85,314.68,16.350,7.096,1797.65,1797.66,17600.0,6.331,2.400,-0.02,-12.10,-44.89,56.97
44.85,3237.52,101.17,1201.92,604.65,299.51,329.85,314.68,16.350,7.096,1797.65,1797.66,17600.0,6.331,2.400,-0.02,-12.10,-44.89,56.97
44.90,3237.52,101.17,1201.92,604.65,299.51,329.85,314.68,16.350,7.096,1797.65,1797.66,17600.0,6.331,2.400,-0.02,-12.10,-44.89,56.97
44.95,3237.53,101.17,1201.92,604.65,299.51,329.85,314.68,16.350,7.096,1797.65,1797.66,17600.0,6.331,2.400,-0.02,-12.10,-44.89,56.97
45.00,3237.53,101.17,1201.92,604.65,299.51,329.85,314.68,16.350,7.096,1797.65,1797.66,17600.0,6.331,2.400,-0.02,-12.10,-44.89,56.97
45.05,3237.53,101.17,1201.92,604.65,299.51,329.85,314.68,16.350,7.096,1797.65,1797.65,17600.0,6.331,2.400,-0.02,-12.10,-44.88,56.97
45.10,3237.53,101.17,1201.92,604.65,299.51,329.85,314.68,16.350,7.096,1797.65,1797.65,17600.0,6.331,2.400,-0.02,-12.10,-44.88,56.97
45.15,3237.53,101.17,1201.92,604.65,299.51,329.85,314.68,16.350,7.096,1797.65,1797.65,17600.0,6.331,2.400,-0.01,-12.10,-44.88,56.97
45.20,3237.53,101.17,1201.92,604.65,299.51,329.85,314.68,16.350,7.096,1797.65,1797.65,17600.0,6.331,2.400,-0.01,-12.10,-44.88,56.97
45.25,3237.53,101.17,1201.92,604.65,299.51,329.85,314.68,16.350,7.096,1797.65,1797.65,17600.0,6.331,2.400,-0.01,-12.10,-44.88,56.97
45.30,3237.53,101.17,1201.92,604.65,299.51,329.85,314.68,16.350,7.096,1797.65,1797.65,17600.0,6.331,2.400,-0.01,-12.10,-44.88,56.97
45.35,3237.53,101.17,1201.91,604.65,299.51,329.85,314.68,16.350,7.096,1797.65,1797.65,17600.0,6.331,2.400,-0.01,-12.10,-44.88,56.97
45.40,3237.54,101.17,1201.91,604.65,299.51,329.85,314.68,16.350,7.096,1797.65,1797.65,17600.0,6.331,2.400,-0.01,-12.10,-44.88,56.97
45.45,3237.54,101.17,1201.91,604.65,299.51,329.85,314.68,16.350,7.096,1797.65,1797.65,17600.0,6.331,2.400,-0.01,-12.10,-44.88,56.97
45.50,3237.54,101.17,1201.91,604.65,299.51,329.85,314.68,16.350,7.096,1797.64,1797.65,17600.0,6.331,2.400,-0.01,-12.10,-44.88,56.97
45.55,3237.54,101.17,1201.91,604.65,299.51,329.85,314.68,16.350,7.096,1797.64,1797.65,17600.0,6.331,2.400,-0.01,-12.10,-44.87,56.97
45.60,3237.54,101.17,1201.91,604.65,299.51,329.85,314.68,16.350,7.096,1797.64,1797.65,17600.0,6.331,2.400,-0.00,-12.10,-44.87,56.97
45.65,3237.54,101.17,1201.91,604.65,299.51,329.85,314.68,16.350,7.096,1797.64,1797.65,17600.0,6.331,2.400,-0.00,-12.10,-44.87,56.97
45.70,3237.54,101.17,1201.91,604.65,299.51,329.85,314.68,16.350,7.096,1797.64,1797.65,17600.0,6.331,2.400,-0.00,-12.10,-44.87,56.97
45.75,3237.54,101.17,1201.91,604.65,299.51,329.85,314.68,16.350,7.096,1797.64,1797.65,17600.0,6.331,2.400,-0.00,-12.10,-44.87,56.97
45.80,3237.55,101.17,1201.91,604.65,299.51,329.85,314.68,16.350,7.096,1797.64,1797.65,17600.0,6.331,2.400,-0.00,-12.10,-44.87,56.97
45.85,3237.55,101.17,1201.91,604.65,299.51,329.85,314.68,16.350,7.096,1797.64,1797.65,17600.0,6.331,2.400,0.00,-12.10,-44.87,56.97
45.90,3237.55,101.17,1201.91,604.65,299.51,329.85,314.68,16.350,7.096,1797.64,1797.65,17600.0,6.331,2.400,0.00,-12.10,-44.87,56.97
45.95,3237.55,101.17,1201.91,604.65,299.51,329.85,314.68,16.350,7.096,1797.64,1797.64,17600.0,6.331,2.400,0.00,-12.10,-44.87,56.97
46.00,3237.55,101.17,1201.91,604.65,299.51,329.85,314.68,16.350,7.096,1797.64,1797.64,17600.0,6.331,2.400,0.00,-12.10,-44.87,56.97
46.05,3237.55,101.17,1201.91,604.65,299.51,329.85,314.68,16.350,7.096,1797.64,1797.64,17600.0,6.331,2.400,0.00,-12.10,-44.86,56.97
46.10,3237.55,101.17,1201.91,604.65,299.51,329.85,314.68,16.350,7.096,1797.64,1797.64,17600.0,6.331,2.400,0.00,-12.10,-44.86,56.97
46.15,3237.55,101.17,1201.91,604.65,299.51,329.85,314.68,16.350,7.096,1797.64,1797.64,17600.0,6.331,2.400,0.01,-12.10,-44.86,56.97
46.20,3237.56,101.17,1201.91,604.65,299.51,329.85,314.68,16.350,7.096,1797.64,1797.64,17600.0,6.331,2.400,0.01,-12.10,-44.86,56.97
46.25,3237.56,101.17,1201.91,604.65,299.51,329.85,314.68,16.350,7.096,1797.64,1797.64,17600.0,6.331,2.400,0.01,-12.10,-44.86,56.97
46.30,3237.56,101.17,1201.91,604.65,299.51,329.85,314.68,16.350,7.096,1797.64,1797.64,17600.0,6.331,2.400,0.01,-12.10,-44.86,56.97
46.35,3237.56,101.17,1201.91,604.65,299.51,329.85,314.68,16.350,7.096,1797.64,1797.64,17600.0,6.331,2.400,0.01,-12.10,-44.86,56.97
46.40,3237.56,101.17,1201.91,604.65,299.51,329.85,314.68,16.350,7.096,1797.64,1797.64,17600.0,6.331,2.400,0.01,-12.10,-44.86,56.97
46.45,3237.56,101.17,1201.91,604.65,299.51,329.85,314.68,16.350,7.096,1797.63,1797.64,17600.0,6.331,2.400,0.01,-12.10,-44.86,56.97
46.50,3237.56,101.17,1201.91,604.65,299.51,329.85,314.68,16.350,7.096,1797.63,1797.64,17600.0,6.331,2.400,0.01,-12.10,-44.86,56.97
46.55,3237.56,101.17,1201.91,604.65,299.51,329.85,314.68,16.350,7.096,1797.63,1797.64,17600.0,6.331,2.400,0.01,-12.10,-44.86,56.97
46.60,3237.57,101.17,1201.91,604.65,299.51,329.85,314.68,16.350,7.096,1797.63,1797.64,17600.0,6.331,2.400,0.01,-12.10,-44.85,56.97
46.65,3237.57,101.17,1201.91,604.65,299.51,329.85,314.68,16.350,7.096,1797.63,1797.64,17600.0,6.331,2.400,0.01,-12.10,-44.85,56.97
46.70,3237.57,101.17,1201.90,604.65,299.51,329.85,314.68,16.350,7.096,1797.63,1797.64,17600.0,6.331,2.400,0.02,-12.10,-44.85,56.97
46.75,3237.57,101.17,1201.90,604.65,299.51,329.85,314.68,16.350,7.096,1797.63,1797.64,17600.0,6.331,2.400,0.02,-12.10,-44.85,56.97
46.80,3237.57,101.17,1201.90,604.66,299.51,329.85,314.68,16.350,7.096,1797.63,1797.64,17600.0,6.331,2.400,0.02,-12.10,-44.85,56.97
46.85,3237.57,101.17,1201.90,604.66,299.51,329.85,314.68,16.350,7.096,1797.63,1797.63,17600.0,6.331,2.400,0.02,-12.10,-44.85,56.97
46.90,3237.57,101.17,1201.90,604.66,299.51,329.85,314.68,16.350,7.096,1797.63,1797.63,17600.0,6.331,2.400,0.02,-12.10,-44.85,56.97
46.95,3237.57,101.17,1201.90,604.66,299.51,329.85,314.68,16.350,7.096,1797.63,1797.63,17600.0,6.331,2.400,0.02,-12.10,-44.85,56.97
47.00,3237.58,101.17,1201.90,604.66,299.51,329.85,314.68,16.350,7.096,1797.63,1797.63,17600.0,6.331,2.400,0.02,-12.10,-44.85,56.97
47.05,3237.58,101.17,1201.90,604.66,299.51,329.85,314.68,16.350,7.096,1797.63,1797.63,17600.0,6.331,2.400,0.02,-12.10,-44.85,56.97
47.10,3237.58,101.17,1201.90,604.66,299.51,329.85,314.68,16.350,7.096,1797.63,1797.63,17600.0,6.331,2.400,0.02,-12.10,-44.85,56.97
47.15,3237.58,101.17,1201.90,604.66,299.51,329.85,314.68,16.350,7.096,1797.63,1797.63,17600.0,6.331,2.400,0.02,-12.10,-44.84,56.97
47.20,3237.58,101.17,1201.90,604.66,299.51,329.85,314.68,16.350,7.096,1797.63,1797.63,17600.0,6.331,2.400,0.02,-12.10,-44.84,56.97
47.25,3237.58,101.17,1201.90,604.66,299.51,329.85,314.68,16.350,7.096,1797.63,1797.63,17600.0,6.331,2.400,0.02,-12.10,-44.84,56.97
47.30,3237.58,101.17,1201.90,604.66,299.51,329.85,314.68,16.350,7.096,1797.63,1797.63,17600.0,6.331,2.400,0.02,-12.10,-44.84,56.97
47.35,3237.59,101.17,1201.90,604.66,299.51,329.85,314.68,16.350,7.096,1797.63,1797.63,17600.0,6.331,2.400,0.03,-12.10,-44.84,56.97
47.40,3237.59,101.17,1201.90,604.66,299.51,329.85,314.68,16.350,7.096,1797.63,1797.63,17600.0,6.331,2.400,0.03,-12.10,-44.84,56.97
47.45,3237.59,101.17,1201.90,604.66,299.51,329.85,314.68,16.350,7.096,1797.62,1797.63,17600.0,6.331,2.400,0.03,-12.10,-44.84,56.97
47.50,3237.59,101.17,1201.90,604.66,299.51,329.85,314.68,16.350,7.096,1797.62,1797.63,17600.0,6.331,2.400,0.03,-12.10,-44.84,56.97
47.55,3237.59,101.17,1201.90,604.66,299.51,329.85,314.68,16.350,7.096,1797.62,1797.63,17600.0,6.331,2.400,0.03,-12.10,-44.84,56.97
47.60,3237.59,101.17,1201.90,604.66,299.51,329.85,314.68,16.350,7.096,1797.62,1797.63,17600.0,6.331,2.400,0.03,-12.10,-44.84,56.97
47.65,3237.59,101.17,1201.90,604.66,299.51,329.85,314.68,16.350,7.096,1797.62,1797.63,17600.0,6.331,2.400,0.03,-12.10,-44.84,56.97
47.70,3237.59,101.17,1201.90,604.66,299.51,329.85,314.68,16.350,7.096,1797.62,1797.63,17600.0,6.331,2.400,0.03,-12.10,-44.84,56.97
47.75,3237.60,101.17,1201.90,604.66,299.51,329.85,314.68,16.350,7.096,1797.62,1797.63,17600.0,6.331,2.400,0.03,-12.11,-44.83,56.97
47.80,3237.60,101.17,1201.90,604.66,299.51,329.85,314.68,16.350,7.096,1797.62,1797.63,17600.0,6.331,2.400,0.03,-12.11,-44.83,56.97
47.85,3237.60,101.17,1201.90,604.66,299.51,329.85,314.68,16.350,7.096,1797.62,1797.63,17600.0,6.331,2.400,0.03,-12.11,-44.83,56.97
47.90,3237.60,101.17,1201.90,604.66,299.51,329.85,314.68,16.350,7.096,1797.62,1797.62,17600.0,6.331,2.400,0.03,-12.11,-44.83,56.97
47.95,3237.60,101.18,1201.90,604.66,299.51,329.85,314.68,16.350,7.096,1797.62,1797.62,17600.0,6.331,2.400,0.03,-12.11,-44.83,56.97
48.00,3237.60,101.18,1201.90,604.66,299.51,329.85,314.68,16.350,7.096,1797.62,1797.62,17600.0,6.331,2.400,0.03,-12.11,-44.83,56.97
48.05,3237.60,101.18,1201.90,604.66,299.51,329.85,314.68,16.350,7.096,1797.62,1797.62,17600.0,6.331,2.400,0.04,-12.11,-44.83,56.97
48.10,3237.60,101.18,1201.90,604.66,299.51,329.85,314.68,16.350,7.096,1797.62,1797.62,17600.0,6.331,2.400,0.04,-12.11,-44.83,56.97
48.15,3237.61,101.18,1201.90,604.66,299.51,329.85,314.68,16.350,7.096,1797.62,1797.62,17600.0,6.331,2.400,0.04,-12.11,-44.83,56.97
48.20,3237.61,101.18,1201.90,604.66,299.51,329.85,314.68,16.350,7.096,1797.62,1797.62,17600.0,6.331,2.400,0.04,-12.11,-44.83,56.97
48.25,3237.61,101.18,1201.89,604.66,299.51,329.85,314.68,16.350,7.096,1797.62,1797.62,17600.0,6.331,2.400,0.04,-12.11,-44.83,56.97
48.30,3237.61,101.18,1201.89,604.66,299.51,329.85,314.68,16.350,7.096,1797.62,1797.62,17600.0,6.331,2.400,0.04,-12.11,-44.83,56.97
48.35,3237.61,101.18,1201.89,604.66,299.51,329.85,314.68,16.350,7.096,1797.62,1797.62,17600.0,6.331,2.400,0.04,-12.11,-44.82,56.97
48.40,3237.61,101.18,1201.89,604.66,299.51,329.85,314.68,16.350,7.096,1797.62,1797.62,17600.0,6.331,2.400,0.04,-12.11,-44.82,56.97
48.45,3237.61,101.18,1201.89,604.66,299.51,329.85,314.68,16.350,7.096,1797.62,1797.62,17600.0,6.331,2.400,0.04,-12.11,-44.82,56.97
48.50,3237.62,101.18,1201.89,604.66,299.51,329.85,314.68,16.350,7.096,1797.62,1797.62,17600.0,6.331,2.400,0.04,-12.11,-44.82,56.97
48.55,3237.62,101.18,1201.89,604.66,299.51,329.85,314.68,16.350,7.096,1797.62,1797.62,17600.0,6.331,2.400,0.04,-12.11,-44.82,56.97
48.60,3237.62,101.18,1201.89,604.66,299.51,329.85,314.68,16.350,7.096,1797.61,1797.62,17600.0,6.331,2.400,0.04,-12.11,-44.82,56.97
48.65,3237.62,101.18,1201.89,604.66,299.51,329.85,314.68,16.350,7.096,1797.61,1797.62,17600.0,6.331,2.400,0.04,-12.11,-44.82,56.97
48.70,3237.62,101.18,1201.89,604.66,299.51,329.85,314.68,16.350,7.096,1797.61,1797.62,17600.0,6.331,2.400,0.04,-12.11,-44.82,56.97
48.75,3237.62,101.18,1201.89,604.66,299.51,329.85,314.68,16.350,7.096,1797.61,1797.62,17600.0,6.331,2.400,0.04,-12.11,-44.82,56.97
48.80,3237.62,101.18,1201.89,604.66,299.51,329.85,314.68,16.350,7.096,1797.61,1797.62,17600.0,6.331,2.400,0.04,-12.11,-44.82,56.97
48.85,3237.62,101.18,1201.89,604.66,299.51,329.85,314.68,16.350,7.096,1797.61,1797.62,17600.0,6.331,2.400,0.05,-12.11,-44.82,56.97
48.90,3237.63,101.18,1201.89,604.66,299.51,329.85,314.68,16.350,7.096,1797.61,1797.62,17600.0,6.331,2.400,0.05,-12.11,-44.82,56.97
48.95,3237.63,101.18,1201.89,604.66,299.51,329.85,314.68,16.350,7.096,1797.61,1797.62,17600.0,6.331,2.400,0.05,-12.11,-44.81,56.97
49.00,3237.63,101.18,1201.89,604.66,299.51,329.85,314.68,16.350,7.096,1797.61,1797.62,17600.0,6.331,2.400,0.05,-12.11,-44.81,56.97
49.05,3237.63,101.18,1201.89,604.66,299.51,329.85,314.68,16.350,7.096,1797.61,1797.61,17600.0,6.331,2.400,0.05,-12.11,-44.81,56.97
49.10,3237.63,101.18,1201.89,604.66,299.51,329.85,314.68,16.350,7.096,1797.61,1797.61,17600.0,6.331,2.400,0.05,-12.11,-44.81,56.97
49.15,3237.63,101.18,1201.89,604.66,299.51,329.85,314.68,16.350,7.096,1797.61,1797.61,17600.0,6.331,2.400,0.05,-12.11,-44.81,56.97
49.20,3237.63,101.18,1201.89,604.66,299.51,329.85,314.68,16.350,7.096,1797.61,1797.61,17600.0,6.331,2.400,0.05,-12.11,-44.81,56.97
49.25,3237.63,101.18,1201.89,604.66,299.51,329.85,314.68,16.350,7.096,1797.61,1797.61,17600.0,6.331,2.400,0.05,-12.11,-44.81,56.97
49.30,3237.64,101.18,1201.89,604.66,299.51,329.85,314.68,16.350,7.096,1797.61,1797.61,17600.0,6.331,2.400,0.05,-12.11,-44.81,56.97
49.35,3237.64,101.18,1201.89,604.66,299.51,329.85,314.68,16.350,7.096,1797.61,1797.61,17600.0,6.331,2.400,0.05,-12.11,-44.81,56.97
49.40,3237.64,101.18,1201.89,604.66,299.51,329.85,314.68,16.350,7.096,1797.61,1797.61,17600.0,6.331,2.400,0.05,-12.11,-44.81,56.97
49.45,3237.64,101.18,1201.89,604.66,299.51,329.85,314.68,16.350,7.096,1797.61,1797.61,17600.0,6.331,2.400,0.05,-12.11,-44.81,56.97
49.50,3237.64,101.18,1201.89,604.66,299.51,329.85,314.68,16.350,7.096,1797.61,1797.61,17600.0,6.331,2.400,0.05,-12.11,-44.81,56.97
49.55,3237.64,101.18,1201.89,604.66,299.51,329.85,314.68,16.350,7.096,1797.61,1797.61,17600.0,6.331,2.400,0.05,-12.11,-44.81,56.97
49.60,3237.64,101.18,1201.89,604.66,299.51,329.85,314.68,16.350,7.096,1797.61,1797.61,17600.0,6.331,2.400,0.05,-12.11,-44.81,56.97
49.65,3237.65,101.18,1201.89,604.66,299.51,329.85,314.68,16.350,7.096,1797.61,1797.61,17600.0,6.331,2.400,0.05,-12.11,-44.80,56.97
49.70,3237.65,101.18,1201.89,604.66,299.51,329.85,314.68,16.350,7.096,1797.61,1797.61,17600.0,6.331,2.400,0.05,-12.11,-44.80,56.97
49.75,3237.65,101.18,1201.89,604.66,299.51,329.85,314.68,16.350,7.096,1797.61,1797.61,17600.0,6.331,2.400,0.06,-12.11,-44.80,56.97
49.80,3237.65,101.18,1201.89,604.66,299.51,329.85,314.68,16.350,7.096,1797.61,1797.61,17600.0,6.331,2.400,0.06,-12.11,-44.80,56.97
49.85,3237.65,101.18,1201.89,604.66,299.51,329.85,314.68,16.350,7.096,1797.61,1797.61,17600.0,6.331,2.400,0.06,-12.11,-44.80,56.97
49.90,3237.65,101.18,1201.89,604.66,299.51,329.85,314.68,16.350,7.096,1797.61,1797.61,17600.0,6.331,2.400,0.06,-12.11,-44.80,56.97
49.95,3237.65,101.18,1201.89,604.66,299.51,329.85,314.68,16.350,7.096,1797.60,1797.61,17600.0,6.331,2.400,0.06,-12.11,-44.80,56.97
50.00,3237.65,101.18,1201.89,604.66,299.51,329.85,314.68,16.350,7.096,1797.60,1797.61,17600.0,6.331,2.400,0.06,-12.11,-44.80,56.97
50.05,3237.66,101.18,1201.89,604.66,299.51,329.85,314.68,16.350,7.096,1797.60,1797.61,17600.0,6.331,2.400,0.06,-12.11,-44.80,56.97
50.10,3237.66,101.18,1201.89,604.66,299.51,329.85,314.68,16.350,7.096,1797.60,1797.61,17600.0,6.331,2.400,0.06,-12.11,-44.80,56.97
50.15,3237.66,101.18,1201.88,604.66,299.51,329.85,314.68,16.350,7.096,1797.60,1797.61,17600.0,6.331,2.400,0.06,-12.11,-44.80,56.97
50.20,3237.66,101.18,1201.88,604.66,299.51,329.85,314.68,16.350,7.096,1797.60,1797.61,17600.0,6.331,2.400,0.06,-12.11,-44.80,56.97
50.25,3237.66,101.18,1201.88,604.66,299.51,329.85,314.68,16.350,7.096,1797.60,1797.61,17600.0,6.331,2.400,0.06,-12.11,-44.80,56.97
50.30,3237.66,101.18,1201.88,604.66,299.51,329.85,314.68,16.350,7.096,1797.60,1797.61,17600.0,6.331,2.400,0.06,-12.11,-44.80,56.97
50.35,3237.66,101.18,1201.88,604.66,299.51,329.85,314.68,16.350,7.096,1797.60,1797.61,17600.0,6.331,2.400,0.06,-12.11,-44.79,56.97
50.40,3237.66,101.18,1201.88,604.66,299.51,329.85,314.68,16.350,7.096,1797.60,1797.60,17600.0,6.331,2.400,0.06,-12.11,-44.79,56.97
50.45,3237.66,101.18,1201.88,604.66,299.51,329.85,314.68,16.350,7.096,1797.60,1797.60,17600.0,6.331,2.400,0.06,-12.12,-44.79,56.97
50.50,3237.67,101.18,1201.88,604.66,299.51,329.85,314.68,16.350,7.096,1797.60,1797.60,17600.0,6.331,2.400,0.06,-12.12,-44.79,56.97
50.55,3237.67,101.18,1201.88,604.66,299.51,329.85,314.68,16.350,7.096,1797.60,1797.60,17600.0,6.331,2.400,0.06,-12.12,-44.79,56.97
50.60,3237.67,101.18,1201.88,604.66,299.51,329.85,314.68,16.350,7.096,1797.60,1797.60,17600.0,6.331,2.400,0.06,-12.12,-44.79,56.97
50.65,3237.67,101.18,1201.88,604.66,299.51,329.85,314.68,16.350,7.096,1797.60,1797.60,17600.0,6.331,2.400,0.06,-12.12,-44.79,56.97
50.70,3237.67,101.18,1201.88,604.66,299.51,329.85,314.68,16.350,7.096,1797.60,1797.60,17600.0,6.331,2.400,0.06,-12.12,-44.79,56.97
50.75,3237.67,101.18,1201.88,604.66,299.51,329.85,314.68,16.350,7.096,1797.60,1797.60,17600.0,6.331,2.400,0.06,-12.12,-44.79,56.97
50.80,3237.67,101.18,1201.88,604.66,299.51,329.85,314.68,16.350,7.096,1797.60,1797.60,17600.0,6.331,2.400,0.07,-12.12,-44.79,56.97
50.85,3237.67,101.18,1201.88,604.66,299.51,329.85,314.68,16.350,7.096,1797.60,1797.60,17600.0,6.331,2.400,0.07,-12.12,-44.79,56.97
50.90,3237.68,101.18,1201.88,604.66,299.51,329.85,314.68,16.350,7.096,1797.60,1797.60,17600.0,6.331,2.400,0.07,-12.12,-44.79,56.97
50.95,3237.68,101.18,1201.88,604.66,299.51,329.85,314.68,16.350,7.096,1797.60,1797.60,17600.0,6.331,2.400,0.07,-12.12,-44.79,56.97
51.00,3237.68,101.18,1201.88,604.66,299.51,329.85,314.68,16.350,7.096,1797.60,1797.60,17600.0,6.331,2.400,0.07,-12.12,-44.79,56.97
51.05,3237.68,101.18,1201.88,604.66,299.51,329.85,314.68,16.350,7.096,1797.60,1797.60,17600.0,6.331,2.400,0.07,-12.12,-44.79,56.97
51.10,3237.68,101.18,1201.88,604.66,299.51,329.85,314.68,16.350,7.096,1797.60,1797.60,17600.0,6.331,2.400,0.07,-12.12,-44.79,56.97
51.15,3237.68,101.18,1201.88,604.66,299.51,329.85,314.68,16.350,7.096,1797.60,1797.60,17600.0,6.331,2.400,0.07,-12.12,-44.78,56.97
51.20,3237.68,101.18,1201.88,604.66,299.51,329.85,314.68,16.350,7.096,1797.60,1797.60,17600.0,6.331,2.400,0.07,-12.12,-44.78,56.97
51.25,3237.68,101.18,1201.88,604.66,299.51,329.85,314.68,16.350,7.096,1797.60,1797.60,17600.0,6.331,2.400,0.07,-12.12,-44.78,56.97
51.30,3237.69,101.18,1201.88,604.66,299.51,329.85,314.68,16.350,7.096,1797.60,1797.60,17600.0,6.331,2.400,0.07,-12.12,-44.78,56.97
51.35,3237.69,101.18,1201.88,604.66,299.51,329.85,314.68,16.350,7.096,1797.60,1797.60,17600.0,6.331,2.400,0.07,-12.12,-44.78,56.97
51.40,3237.69,101.18,1201.88,604.66,299.51,329.85,314.68,16.350,7.096,1797.60,1797.60,17600.0,6.331,2.400,0.07,-12.12,-44.78,56.97
51.45,3237.69,101.18,1201.88,604.66,299.51,329.85,314.68,16.350,7.096,1797.60,1797.60,17600.0,6.331,2.400,0.07,-12.12,-44.78,56.97
51.50,3237.69,101.18,1201.88,604.66,299.51,329.85,314.68,16.350,7.096,1797.60,1797.60,17600.0,6.331,2.400,0.07,-12.12,-44.78,56.97
51.55,3237.69,101.18,1201.88,604.66,299.51,329.85,314.68,16.350,7.096,1797.59,1797.60,17600.0,6.331,2.400,0.07,-12.12,-44.78,56.97
51.60,3237.69,101.18,1201.88,604.66,299.51,329.85,314.68,16.350,7.096,1797.59,1797.60,17600.0,6.331,2.400,0.07,-12.12,-44.78,56.97
51.65,3237.69,101.18,1201.88,604.66,299.51,329.85,314.68,16.350,7.096,1797.59,1797.60,17600.0,6.331,2.400,0.07,-12.12,-44.78,56.97
51.70,3237.69,101.18,1201.88,604.66,299.51,329.85,314.68,16.350,7.096,1797.59,1797.60,17600.0,6.331,2.400,0.07,-12.12,-44.78,56.97
51.75,3237.70,101.18,1201.88,604.66,299.51,329.85,314.68,16.350,7.096,1797.59,1797.60,17600.0,6.331,2.400,0.07,-12.12,-44.78,56.97
51.80,3237.70,101.18,1201.88,604.66,299.51,329.85,314.68,16.350,7.096,1797.59,1797.60,17600.0,6.331,2.400,0.07,-12.12,-44.78,56.97
51.85,3237.70,101.18,1201.88,604.66,299.51,329.85,314.68,16.350,7.096,1797.59,1797.60,17600.0,6.331,2.400,0.07,-12.12,-44.78,56.97
51.90,3237.70,101.18,1201.88,604.66,299.51,329.85,314.68,16.350,7.096,1797.59,1797.60,17600.0,6.331,2.400,0.07,-12.12,-44.78,56.97
51.95,3237.70,101.18,1201.88,604.66,299.51,329.85,314.68,16.350,7.096,1797.59,1797.60,17600.0,6.331,2.400,0.07,-12.12,-44.78,56.97
52.00,3237.70,101.18,1201.88,604.66,299.51,329.85,314.68,16.350,7.096,1797.59,1797.59,17600.0,6.331,2.400,0.07,-12.12,-44.77,56.97
52.05,3237.70,101.18,1201.88,604.66,299.51,329.85,314.68,16.350,7.096,1797.59,1797.59,17600.0,6.331,2.400,0.07,-12.12,-44.77,56.97
52.10,3237.70,101.18,1201.88,604.66,299.51,329.85,314.68,16.350,7.096,1797.59,1797.59,17600.0,6.331,2.400,0.07,-12.12,-44.77,56.97
52.15,3237.70,101.18,1201.88,604.66,299.51,329.85,314.68,16.350,7.096,1797.59,1797.59,17600.0,6.331,2.400,0.08,-12.12,-44.77,56.97
52.20,3237.71,101.18,1201.88,604.66,299.51,329.85,314.68,16.350,7.096,1797.59,1797.59,17600.0,6.331,2.400,0.08,-12.12,-44.77,56.97
52.25,3237.71,101.18,1201.88,604.66,299.51,329.85,314.68,16.350,7.096,1797.59,1797.59,17600.0,6.331,2.400,0.08,-12.12,-44.77,56.97
52.30,3237.71,101.18,1201.88,604.66,299.51,329.85,314.68,16.350,7.096,1797.59,1797.59,17600.0,6.331,2.400,0.08,-12.12,-44.77,56.97
52.35,3237.71,101.18,1201.88,604.66,299.51,329.85,314.68,16.350,7.096,1797.59,1797.59,17600.0,6.331,2.400,0.08,-12.12,-44.77,56.97
52.40,3237.71,101.18,1201.88,604.66,299.51,329.85,314.68,16.350,7.096,1797.59,1797.59,17600.0,6.331,2.400,0.08,-12.12,-44.77,56.97
52.45,3237.71,101.18,1201.88,604.66,299.51,329.85,314.68,16.350,7.096,1797.59,1797.59,17600.0,6.331,2.400,0.08,-12.12,-44.77,56.97
52.50,3237.71,101.18,1201.88,604.66,299.51,329.85,314.68,16.350,7.096,1797.59,1797.59,17600.0,6.331,2.400,0.08,-12.12,-44.77,56.97
52.55,3237.71,101.18,1201.88,604.66,299.51,329.85,314.68,16.350,7.096,1797.59,1797.59,17600.0,6.331,2.400,0.08,-12.12,-44.77,56.97
52.60,3237.71,101.18,1201.87,604.66,299.51,329.85,314.68,16.350,7.096,1797.59,1797.59,17600.0,6.331,2.400,0.08,-12.12,-44.77,56.97
52.65,3237.72,101.18,1201.87,604.66,299.51,329.85,314.68,16.350,7.096,1797.59,1797.59,17600.0,6.331,2.400,0.08,-12.12,-44.77,56.97
52.70,3237.72,101.18,1201.87,604.66,299.51,329.85,314.68,16.350,7.096,1797.59,1797.59,17600.0,6.331,2.400,0.08,-12.12,-44.77,56.97
52.75,3237.72,101.18,1201.87,604.66,299.51,329.85,314.68,16.350,7.096,1797.59,1797.59,17600.0,6.331,2.400,0.08,-12.13,-44.77,56.97
52.80,3237.72,101.18,1201.87,604.66,299.51,329.85,314.68,16.350,7.096,1797.59,1797.59,17600.0,6.331,2.400,0.08,-12.13,-44.77,56.97
52.85,3237.72,101.18,1201.87,604.66,299.51,329.85,314.68,16.350,7.096,1797.59,1797.59,17600.0,6.331,2.400,0.08,-12.13,-44.77,56.97
52.90,3237.72,101.18,1201.87,604.66,299.51,329.85,314.68,16.350,7.096,1797.59,1797.59,17600.0,6.331,2.400,0.08,-12.13,-44.77,56.97
52.95,3237.72,101.18,1201.87,604.66,299.51,329.85,314.68,16.350,7.096,1797.59,1797.59,17600.0,6.331,2.400,0.08,-12.13,-44.76,56.97
53.00,3237.72,101.18,1201.87,604.66,299.51,329.85,314.68,16.350,7.096,1797.59,1797.59,17600.0,6.331,2.400,0.08,-12.13,-44.76,56.97
53.05,3237.72,101.18,1201.87,604.66,299.51,329.85,314.68,16.350,7.096,1797.59,1797.59,17600.0,6.331,2.400,0.08,-12.13,-44.76,56.97
53.10,3237.72,101.18,1201.87,604.66,299.51,329.85,314.68,16.350,7.096,1797.59,1797.59,17600.0,6.331,2.400,0.08,-12.13,-44.76,56.97
53.15,3237.73,101.18,1201.87,604.66,299.51,329.85,314.68,16.350,7.096,1797.59,1797.59,17600.0,6.331,2.400,0.08,-12.13,-44.76,56.97
53.20,3237.73,101.18,1201.87,604.66,299.51,329.85,314.68,16.350,7.096,1797.59,1797.59,17600.0,6.331,2.400,0.08,-12.13,-44.76,56.97
53.25,3237.73,101.18,1201.87,604.66,299.51,329.85,314.68,16.350,7.096,1797.59,1797.59,17600.0,6.331,2.400,0.08,-12.13,-44.76,56.97
53.30,3237.73,101.18,1201.87,604.66,299.51,329.85,314.68,16.350,7.096,1797.59,1797.59,17600.0,6.331,2.400,0.08,-12.13,-44.76,56.97
53.35,3237.73,101.18,1201.87,604.66,299.51,329.85,314.68,16.350,7.096,1797.59,1797.59,17600.0,6.331,2.400,0.08,-12.13,-44.76,56.97
53.40,3237.73,101.18,1201.87,604.66,299.51,329.85,314.68,16.350,7.096,1797.59,1797.59,17600.0,6.331,2.400,0.08,-12.13,-44.76,56.97
53.45,3237.73,101.18,1201.87,604.66,299.51,329.85,314.68,16.350,7.096,1797.59,1797.59,17600.0,6.331,2.400,0.08,-12.13,-44.76,56.97
53.50,3237.73,101.18,1201.87,604.66,299.51,329.85,314.68,16.350,7.096,1797.59,1797.59,17600.0,6.331,2.400,0.08,-12.13,-44.76,56.97
53.55,3237.73,101.18,1201.87,604.66,299.51,329.85,314.68,16.350,7.096,1797.59,1797.59,17600.0,6.331,2.400,0.08,-12.13,-44.76,56.97
53.60,3237.73,101.18,1201.87,604.67,299.51,329.85,314.68,16.350,7.096,1797.58,1797.59,17600.0,6.331,2.400,0.08,-12.13,-44.76,56.97
53.65,3237.74,101.18,1201.87,604.67,299.51,329.85,314.68,16.350,7.096,1797.58,1797.59,17600.0,6.331,2.400,0.08,-12.13,-44.76,56.97
53.70,3237.74,101.18,1201.87,604.67,299.51,329.85,314.68,16.350,7.096,1797.58,1797.59,17600.0,6.331,2.400,0.08,-12.13,-44.76,56.97
53.75,3237.74,101.18,1201.87,604.67,299.51,329.85,314.68,16.350,7.096,1797.58,1797.59,17600.0,6.331,2.400,0.08,-12.13,-44.76,56.97
53.80,3237.74,101.18,1201.87,604.67,299.51,329.85,314.68,16.350,7.096,1797.58,1797.59,17600.0,6.331,2.400,0.08,-12.13,-44.76,56.97
53.85,3237.74,101.18,1201.87,604.67,299.51,329.85,314.68,16.350,7.096,1797.58,1797.59,17600.0,6.331,2.400,0.08,-12.13,-44.76,56.97
53.90,3237.74,101.18,1201.87,604.67,299.51,329.85,314.68,16.350,7.096,1797.58,1797.59,17600.0,6.331,2.400,0.08,-12.13,-44.76,56.97
53.95,3237.74,101.18,1201.87,604.67,299.51,329.85,314.68,16.350,7.096,1797.58,1797.59,17600.0,6.331,2.400,0.08,-12.13,-44.76,56.97
54.00,3237.74,101.18,1201.87,604.67,299.51,329.85,314.68,16.350,7.096,1797.58,1797.59,17600.0,6.331,2.400,0.09,-12.13,-44.75,56.97
54.05,3237.74,101.18,1201.87,604.67,299.51,329.85,314.68,16.350,7.096,1797.58,1797.58,17600.0,6.331,2.400,0.09,-12.13,-44.75,56.97
54.10,3237.74,101.18,1201.87,604.67,299.51,329.85,314.68,16.350,7.096,1797.58,1797.58,17600.0,6.331,2.400,0.09,-12.13,-44.75,56.97
54.15,3237.75,101.18,1201.87,604.67,299.51,329.85,314.68,16.350,7.096,1797.58,1797.58,17600.0,6.331,2.400,0.09,-12.13,-44.75,56.97
54.20,3237.75,101.18,1201.87,604.67,299.51,329.85,314.68,16.350,7.096,1797.58,1797.58,17600.0,6.331,2.400,0.09,-12.13,-44.75,56.97
54.25,3237.75,101.18,1201.87,604.67,299.51,329.85,314.68,16.350,7.096,1797.58,1797.58,17600.0,6.331,2.400,0.09,-12.13,-44.75,56.97
54.30,3237.75,101.18,1201.87,604.67,299.51,329.85,314.68,16.350,7.096,1797.58,1797.58,17600.0,6.331,2.400,0.09,-12.13,-44.75,56.97
54.35,3237.75,101.18,1201.87,604.67,299.51,329.85,314.68,16.350,7.096,1797.58,1797.58,17600.0,6.331,2.400,0.09,-12.13,-44.75,56.97
54.40,3237.75,101.18,1201.87,604.67,299.51,329.85,314.68,16.350,7.096,1797.58,1797.58,17600.0,6.331,2.400,0.09,-12.13,-44.75,56.97
54.45,3237.75,101.18,1201.87,604.67,299.51,329.85,314.68,16.350,7.096,1797.58,1797.58,17600.0,6.331,2.400,0.09,-12.13,-44.75,56.97
54.50,3237.75,101.18,1201.87,604.67,299.51,329.85,314.68,16.350,7.096,1797.58,1797.58,17600.0,6.331,2.400,0.09,-12.13,-44.75,56.97
54.55,3237.75,101.18,1201.87,604.67,299.51,329.85,314.68,16.350,7.096,1797.58,1797.58,17600.0,6.331,2.400,0.09,-12.13,-44.75,56.97
54.60,3237.75,101.18,1201.87,604.67,299.51,329.85,314.68,16.350,7.096,1797.58,1797.58,17600.0,6.331,2.400,0.09,-12.13,-44.75,56.97
54.65,3237.75,101.18,1201.87,604.67,299.51,329.85,314.68,16.350,7.096,1797.58,1797.58,17600.0,6.331,2.400,0.09,-12.13,-44.75,56.97
54.70,3237.76,101.18,1201.87,604.67,299.51,329.85,314.68,16.350,7.096,1797.58,1797.58,17600.0,6.331,2.400,0.09,-12.13,-44.75,56.97
54.75,3237.76,101.18,1201.87,604.67,299.51,329.85,314.68,16.350,7.096,1797.58,1797.58,17600.0,6.331,2.400,0.09,-12.13,-44.75,56.97
54.80,3237.76,101.18,1201.87,604.67,299.51,329.85,314.68,16.350,7.096,1797.58,1797.58,17600.0,6.331,2.400,0.09,-12.13,-44.75,56.97
54.85,3237.76,101.18,1201.87,604.67,299.51,329.85,314.68,16.350,7.096,1797.58,1797.58,17600.0,6.331,2.400,0.09,-12.13,-44.75,56.97
54.90,3237.76,101.18,1201.87,604.67,299.51,329.85,314.68,16.350,7.096,1797.58,1797.58,17600.0,6.331,2.400,0.09,-12.13,-44.75,56.97
54.95,3237.76,101.18,1201.87,604.67,299.51,329.85,314.68,16.350,7.096,1797.58,1797.58,17600.0,6.331,2.400,0.09,-12.13,-44.75,56.97
55.00,3237.76,101.18,1201.87,604.67,299.51,329.85,314.68,16.350,7.096,1797.58,1797.58,17600.0,6.331,2.400,0.09,-12.13,-44.75,56.97
55.05,3237.76,101.18,1201.87,604.67,299.51,329.85,314.68,16.350,7.096,1797.58,1797.58,17600.0,6.331,2.400,0.09,-12.13,-44.75,56.97
55.10,3237.76,101.18,1201.87,604.67,299.51,329.85,314.68,16.350,7.096,1797.58,1797.58,17600.0,6.331,2.400,0.09,-12.14,-44.75,56.97
55.15,3237.76,101.18,1201.87,604.67,299.51,329.85,314.68,16.350,7.096,1797.58,1797.58,17600.0,6.331,2.400,0.09,-12.14,-44.75,56.97
55.20,3237.76,101.18,1201.87,604.67,299.51,329.85,314.68,16.350,7.096,1797.58,1797.58,17600.0,6.331,2.400,0.09,-12.14,-44.75,56.97
55.25,3237.77,101.18,1201.87,604.67,299.51,329.85,314.68,16.350,7.096,1797.58,1797.58,17600.0,6.331,2.400,0.09,-12.14,-44.75,56.97
55.30,3237.77,101.18,1201.87,604.67,299.51,329.85,314.68,16.350,7.096,1797.58,1797.58,17600.0,6.331,2.400,0.09,-12.14,-44.74,56.97
55.35,3237.77,101.18,1201.87,604.67,299.51,329.85,314.68,16.350,7.096,1797.58,1797.58,17600.0,6.331,2.400,0.09,-12.14,-44.74,56.97
55.40,3237.77,101.18,1201.87,604.67,299.51,329.85,314.68,16.350,7.096,1797.58,1797.58,17600.0,6.331,2.400,0.09,-12.14,-44.74,56.97
55.45,3237.77,101.18,1201.87,604.67,299.51,329.85,314.68,16.350,7.096,1797.58,1797.58,17600.0,6.331,2.400,0.09,-12.14,-44.74,56.97
55.50,3237.77,101.18,1201.87,604.67,299.51,329.85,314.68,16.350,7.096,1797.58,1797.58,17600.0,6.331,2.400,0.09,-12.14,-44.74,56.97
55.55,3237.77,101.18,1201.87,604.67,299.51,329.85,314.68,16.350,7.096,1797.58,1797.58,17600.0,6.331,2.400,0.09,-12.14,-44.74,56.97
55.60,3237.77,101.18,1201.87,604.67,299.51,329.85,314.68,16.350,7.096,1797.58,1797.58,17600.0,6.331,2.400,0.09,-12.14,-44.74,56.97
55.65,3237.77,101.18,1201.87,604.67,299.51,329.85,314.68,16.350,7.096,1797.58,1797.58,17600.0,6.331,2.400,0.09,-12.14,-44.74,56.97
55.70,3237.77,101.18,1201.87,604.67,299.51,329.85,314.68,16.350,7.096,1797.58,1797.58,17600.0,6.331,2.400,0.09,-12.14,-44.74,56.97
55.75,3237.77,101.18,1201.87,604.67,299.51,329.85,314.68,16.350,7.096,1797.58,1797.58,17600.0,6.331,2.400,0.09,-12.14,-44.74,56.97
55.80,3237.77,101.18,1201.87,604.67,299.51,329.85,314.68,16.350,7.096,1797.58,1797.58,17600.0,6.331,2.400,0.09,-12.14,-44.74,56.97
55.85,3237.78,101.18,1201.87,604.67,299.51,329.85,314.68,16.350,7.096,1797.58,1797.58,17600.0,6.331,2.400,0.09,-12.14,-44.74,56.97
55.90,3237.78,101.18,1201.87,604.67,299.51,329.85,314.68,16.350,7.096,1797.58,1797.58,17600.0,6.331,2.400,0.09,-12.14,-44.74,56.97
55.95,3237.78,101.18,1201.87,604.67,299.51,329.85,314.68,16.350,7.096,1797.58,1797.58,17600.0,6.331,2.400,0.09,-12.14,-44.74,56.97
56.00,3237.78,101.18,1201.87,604.67,299.51,329.85,314.68,16.350,7.096,1797.58,1797.58,17600.0,6.331,2.400,0.09,-12.14,-44.74,56.97
56.05,3237.78,101.18,1201.87,604.67,299.51,329.85,314.68,16.350,7.096,1797.58,1797.58,17600.0,6.331,2.400,0.09,-12.14,-44.74,56.97
56.10,3237.78,101.18,1201.87,604.67,299.51,329.85,314.68,16.350,7.096,1797.58,1797.58,17600.0,6.331,2.400,0.09,-12.14,-44.74,56.97
56.15,3237.78,101.18,1201.87,604.67,299.51,329.85,314.68,16.350,7.096,1797.58,1797.58,17600.0,6.331,2.400,0.09,-12.14,-44.74,56.97
56.20,3237.78,101.18,1201.87,604.67,299.51,329.85,314.68,16.350,7.096,1797.58,1797.58,17600.0,6.331,2.400,0.09,-12.14,-44.74,56.97
56.25,3237.78,101.18,1201.87,604.67,299.51,329.85,314.68,16.350,7.096,1797.58,1797.58,17600.0,6.331,2.400,0.09,-12.14,-44.74,56.97
56.30,3237.78,101.18,1201.87,604.67,299.51,329.85,314.68,16.350,7.096,1797.58,1797.58,17600.0,6.331,2.400,0.09,-12.14,-44.74,56.97
56.35,3237.78,101.18,1201.86,604.67,299.51,329.85,314.68,16.350,7.096,1797.58,1797.58,17600.0,6.331,2.400,0.09,-12.14,-44.74,56.97
56.40,3237.78,101.18,1201.86,604.67,299.51,329.85,314.68,16.350,7.096,1797.58,1797.58,17600.0,6.331,2.400,0.09,-12.14,-44.74,56.97
56.45,3237.78,101.18,1201.86,604.67,299.51,329.85,314.68,16.350,7.096,1797.58,1797.58,17600.0,6.331,2.400,0.09,-12.14,-44.74,56.97
56.50,3237.79,101.18,1201.86,604.67,299.51,329.85,314.68,16.350,7.096,1797.58,1797.58,17600.0,6.331,2.400,0.09,-12.14,-44.74,56.97
56.55,3237.79,101.18,1201.86,604.67,299.51,329.85,314.68,16.350,7.096,1797.58,1797.58,17600.0,6.331,2.400,0.09,-12.14,-44.74,56.97
56.60,3237.79,101.18,1201.86,604.67,299.51,329.85,314.68,16.350,7.096,1797.57,1797.58,17600.0,6.331,2.400,0.09,-12.14,-44.74,56.97
56.65,3237.79,101.18,1201.86,604.67,299.51,329.85,314.68,16.350,7.096,1797.57,1797.58,17600.0,6.331,2.400,0.09,-12.14,-44.74,56.97
56.70,3237.79,101.18,1201.86,604.67,299.51,329.85,314.68,16.350,7.096,1797.57,1797.58,17600.0,6.330,2.400,0.09,-12.14,-44.74,56.97
56.75,3237.79,101.18,1201.86,604.67,299.51,329.85,314.68,16.350,7.096,1797.57,1797.58,17600.0,6.330,2.400,0.09,-12.14,-44.74,56.97
56.80,3237.79,101.18,1201.86,604.67,299.51,329.85,314.68,16.350,7.096,1797.57,1797.58,17600.0,6.330,2.400,0.09,-12.14,-44.73,56.97
56.85,3237.79,101.18,1201.86,604.67,299.51,329.85,314.68,16.350,7.096,1797.57,1797.58,17600.0,6.330,2.400,0.09,-12.14,-44.73,56.97
56.90,3237.79,101.18,1201.86,604.67,299.51,329.85,314.68,16.350,7.096,1797.57,1797.58,17600.0,6.330,2.400,0.09,-12.14,-44.73,56.97
56.95,3237.79,101.18,1201.86,604.67,299.51,329.85,314.68,16.350,7.096,1797.57,1797.58,17600.0,6.330,2.400,0.09,-12.14,-44.73,56.97
57.00,3237.79,101.18,1201.86,604.67,299.51,329.85,314.68,16.350,7.096,1797.57,1797.58,17600.0,6.330,2.400,0.09,-12.14,-44.73,56.97
57.05,3237.79,101.18,1201.86,604.67,299.51,329.85,314.68,16.350,7.096,1797.57,1797.57,17600.0,6.330,2.400,0.09,-12.14,-44.73,56.97
57.10,3237.79,101.18,1201.86,604.67,299.51,329.85,314.68,16.350,7.096,1797.57,1797.57,17600.0,6.330,2.400,0.09,-12.14,-44.73,56.97
57.15,3237.79,101.18,1201.86,604.67,299.51,329.85,314.68,16.350,7.096,1797.57,1797.57,17600.0,6.330,2.400,0.09,-12.14,-44.73,56.97
57.20,3237.80,101.18,1201.86,604.67,299.51,329.85,314.68,16.350,7.096,1797.57,1797.57,17600.0,6.330,2.400,0.10,-12.14,-44.73,56.97
57.25,3237.80,101.18,1201.86,604.67,299.51,329.85,314.68,16.350,7.096,1797.57,1797.57,17600.0,6.330,2.400,0.10,-12.14,-44.73,56.97
57.30,3237.80,101.18,1201.86,604.67,299.51,329.85,314.68,16.350,7.096,1797.57,1797.57,17600.0,6.330,2.400,0.10,-12.14,-44.73,56.97
57.35,3237.80,101.18,1201.86,604.67,299.51,329.85,314.68,16.350,7.096,1797.57,1797.57,17600.0,6.330,2.400,0.10,-12.14,-44.73,56.97
57.40,3237.80,101.18,1201.86,604.67,299.51,329.85,314.68,16.350,7.096,1797.57,1797.57,17600.0,6.330,2.400,0.10,-12.14,-44.73,56.97
57.45,3237.80,101.18,1201.86,604.67,299.51,329.85,314.68,16.350,7.096,1797.57,1797.57,17600.0,6.330,2.400,0.10,-12.14,-44.73,56.97
57.50,3237.80,101.18,1201.86,604.67,299.51,329.85,314.68,16.350,7.096,1797.57,1797.57,17600.0,6.330,2.400,0.10,-12.14,-44.73,56.97
57.55,3237.80,101.18,1201.86,604.67,299.51,329.85,314.68,16.350,7.096,1797.57,1797.57,17600.0,6.330,2.400,0.10,-12.14,-44.73,56.97
57.60,3237.80,101.18,1201.86,604.67,299.51,329.85,314.68,16.350,7.096,1797.57,1797.57,17600.0,6.330,2.400,0.10,-12.14,-44.73,56.97
57.65,3237.80,101.18,1201.86,604.67,299.51,329.85,314.68,16.350,7.096,1797.57,1797.57,17600.0,6.330,2.400,0.10,-12.14,-44.73,56.97
57.70,3237.80,101.18,1201.86,604.67,299.51,329.85,314.68,16.350,7.096,1797.57,1797.57,17600.0,6.330,2.400,0.10,-12.14,-44.73,56.97
57.75,3237.80,101.18,1201.86,604.67,299.51,329.85,314.68,16.350,7.096,1797.57,1797.57,17600.0,6.330,2.400,0.10,-12.14,-44.73,56.97
57.80,3237.80,101.18,1201.86,604.67,299.51,329.85,314.68,16.350,7.096,1797.57,1797.57,17600.0,6.330,2.400,0.10,-12.14,-44.73,56.97
57.85,3237.80,101.18,1201.86,604.67,299.51,329.85,314.68,16.350,7.096,1797.57,1797.57,17600.0,6.330,2.400,0.10,-12.15,-44.73,56.97
57.90,3237.81,101.18,1201.86,604.67,299.51,329.85,314.68,16.350,7.096,1797.57,1797.57,17600.0,6.330,2.400,0.10,-12.15,-44.73,56.97
57.95,3237.81,101.18,1201.86,604.67,299.51,329.85,314.68,16.350,7.096,1797.57,1797.57,17600.0,6.330,2.400,0.10,-12.15,-44.73,56.97
58.00,3237.81,101.18,1201.86,604.67,299.51,329.85,314.68,16.350,7.096,1797.57,1797.57,17600.0,6.330,2.400,0.10,-12.15,-44.73,56.97
58.05,3237.81,101.18,1201.86,604.67,299.51,329.85,314.68,16.350,7.096,1797.57,1797.57,17600.0,6.330,2.400,0.10,-12.15,-44.73,56.97
58.10,3237.81,101.18,1201.86,604.67,299.51,329.85,314.68,16.350,7.096,1797.57,1797.57,17600.0,6.330,2.400,0.10,-12.15,-44.73,56.97
58.15,3237.81,101.18,1201.86,604.67,299.51,329.85,314.68,16.350,7.096,1797.57,1797.57,17600.0,6.330,2.400,0.10,-12.15,-44.73,56.97
58.20,3237.81,101.18,1201.86,604.67,299.51,329.85,314.68,16.350,7.096,1797.57,1797.57,17600.0,6.330,2.400,0.10,-12.15,-44.73,56.97
58.25,3237.81,101.18,1201.86,604.67,299.51,329.85,314.68,16.350,7.096,1797.57,1797.57,17600.0,6.330,2.400,0.10,-12.15,-44.73,56.97
58.30,3237.81,101.18,1201.86,604.67,299.51,329.85,314.68,16.350,7.096,1797.57,1797.57,17600.0,6.330,2.400,0.10,-12.15,-44.73,56.97
58.35,3237.81,101.18,1201.86,604.67,299.51,329.85,314.68,16.350,7.096,1797.57,1797.57,17600.0,6.330,2.400,0.10,-12.15,-44.73,56.97
58.40,3237.81,101.18,1201.86,604.67,299.51,329.85,314.68,16.350,7.096,1797.57,1797.57,17600.0,6.330,2.400,0.10,-12.15,-44.73,56.97
58.45,3237.81,101.18,1201.86,604.67,299.51,329.85,314.68,16.350,7.096,1797.57,1797.57,17600.0,6.330,2.400,0.10,-12.15,-44.73,56.97
58.50,3237.81,101.18,1201.86,604.67,299.51,329.85,314.68,16.350,7.096,1797.57,1797.57,17600.0,6.330,2.400,0.10,-12.15,-44.73,56.97
58.55,3237.81,101.18,1201.86,604.67,299.51,329.85,314.68,16.350,7.096,1797.57,1797.57,17600.0,6.330,2.400,0.10,-12.15,-44.73,56.97
58.60,3237.81,101.18,1201.86,604.67,299.51,329.85,314.68,16.350,7.096,1797.57,1797.57,17600.0,6.330,2.400,0.10,-12.15,-44.73,56.97
58.65,3237.81,101.18,1201.86,604.67,299.51,329.85,314.68,16.350,7.096,1797.57,1797.57,17600.0,6.330,2.400,0.10,-12.15,-44.73,56.97
58.70,3237.82,101.18,1201.86,604.67,299.51,329.85,314.68,16.350,7.096,1797.57,1797.57,17600.0,6.330,2.400,0.10,-12.15,-44.73,56.97
58.75,3237.82,101.18,1201.86,604.67,299.51,329.85,314.68,16.350,7.096,1797.57,1797.57,17600.0,6.330,2.400,0.10,-12.15,-44.73,56.97
58.80,3237.82,101.18,1201.86,604.67,299.51,329.85,314.68,16.350,7.096,1797.57,1797.57,17600.0,6.330,2.400,0.10,-12.15,-44.73,56.97
58.85,3237.82,101.18,1201.86,604.67,299.51,329.85,314.68,16.350,7.096,1797.57,1797.57,17600.0,6.330,2.400,0.10,-12.15,-44.72,56.97
58.90,3237.82,101.18,1201.86,604.67,299.51,329.85,314.68,16.350,7.096,1797.57,1797.57,17600.0,6.330,2.400,0.10,-12.15,-44.72,56.97
58.95,3237.82,101.18,1201.86,604.67,299.51,329.85,314.68,16.350,7.096,1797.57,1797.57,17600.0,6.330,2.400,0.10,-12.15,-44.72,56.97
59.00,3237.82,101.18,1201.86,604.67,299.51,329.85,314.68,16.350,7.096,1797.57,1797.57,17600.0,6.330,2.400,0.10,-12.15,-44.72,56.97
59.05,3237.82,101.18,1201.86,604.67,299.51,329.85,314.68,16.350,7.096,1797.57,1797.57,17600.0,6.330,2.400,0.10,-12.15,-44.72,56.97
59.10,3237.82,101.18,1201.86,604.67,299.51,329.85,314.68,16.350,7.096,1797.57,1797.57,17600.0,6.330,2.400,0.10,-12.15,-44.72,56.97
59.15,3237.82,101.18,1201.86,604.67,299.51,329.85,314.68,16.350,7.096,1797.57,1797.57,17600.0,6.330,2.400,0.10,-12.15,-44.72,56.97
59.20,3237.82,101.18,1201.86,604.67,299.51,329.85,314.68,16.350,7.096,1797.57,1797.57,17600.0,6.330,2.400,0.10,-12.15,-44.72,56.97
59.25,3237.82,101.18,1201.86,604.67,299.51,329.85,314.68,16.350,7.096,1797.57,1797.57,17600.0,6.330,2.400,0.10,-12.15,-44.72,56.97
59.30,3237.82,101.18,1201.86,604.67,299.51,329.85,314.68,16.350,7.096,1797.57,1797.57,17600.0,6.330,2.400,0.10,-12.15,-44.72,56.97
59.35,3237.82,101.18,1201.86,604.67,299.51,329.85,314.68,16.350,7.096,1797.57,1797.57,17600.0,6.330,2.400,0.10,-12.15,-44.72,56.97
59.40,3237.82,101.18,1201.86,604.67,299.51,329.85,314.68,16.350,7.096,1797.57,1797.57,17600.0,6.330,2.400,0.10,-12.15,-44.72,56.97
59.45,3237.82,101.18,1201.86,604.67,299.51,329.85,314.68,16.350,7.096,1797.57,1797.57,17600.0,6.330,2.400,0.10,-12.15,-44.72,56.97
59.50,3237.82,101.18,1201.86,604.67,299.51,329.85,314.68,16.350,7.096,1797.57,1797.57,17600.0,6.330,2.400,0.10,-12.15,-44.72,56.97
59.55,3237.83,101.18,1201.86,604.67,299.51,329.85,314.68,16.350,7.096,1797.57,1797.57,17600.0,6.330,2.400,0.10,-12.15,-44.72,56.97
59.60,3237.83,101.18,1201.86,604.67,299.51,329.85,314.68,16.350,7.096,1797.57,1797.57,17600.0,6.330,2.400,0.10,-12.15,-44.72,56.97
59.65,3237.83,101.18,1201.86,604.67,299.51,329.85,314.68,16.350,7.096,1797.57,1797.57,17600.0,6.330,2.400,0.10,-12.15,-44.72,56.97
59.70,3237.83,101.18,1201.86,604.67,299.51,329.85,314.68,16.350,7.096,1797.57,1797.57,17600.0,6.330,2.400,0.10,-12.15,-44.72,56.97
59.75,3237.83,101.18,1201.86,604.67,299.51,329.85,314.68,16.350,7.096,1797.57,1797.57,17600.0,6.330,2.400,0.10,-12.15,-44.72,56.97
59.80,3237.83,101.18,1201.86,604.67,299.51,329.85,314.68,16.350,7.096,1797.57,1797.57,17600.0,6.330,2.400,0.10,-12.15,-44.72,56.97
59.85,3237.83,101.18,1201.86,604.67,299.51,329.85,314.68,16.350,7.096,1797.57,1797.57,17600.0,6.330,2.400,0.10,-12.15,-44.72,56.97
59.90,3237.83,101.18,1201.86,604.67,299.51,329.85,314.68,16.350,7.096,1797.57,1797.57,17600.0,6.330,2.400,0.10,-12.15,-44.72,56.97
59.95,3237.83,101.18,1201.86,604.67,299.51,329.85,314.68,16.350,7.096,1797.57,1797.57,17600.0,6.330,2.400,0.10,-12.15,-44.72,56.97
60.00,3237.83,101.18,1201.86,604.67,299.51,329.85,314.68,16.350,7.096,1797.57,1797.57,17600.0,6.330,2.400,0.10,-12.15,-44.72,56.97